???'s Only Friend,4,Eye Sore,Jaw Bone,GB Bug,???'s Only Friend,
<3,4,Eye Sore,Charm of the Vampire,Odd Mushroom (Thin),<3,
120 Volt,2,Eye Sore,120 Volt,
1UP,5,Eye Sore,Blue Cap,Circle of Protection,Guppy's Tail,1UP,
20/20,5,Eye Sore,Sagittarius,Ball of Tar,Strange Attractor,20/20,
2Spooky,3,Eye Sore,Booster Pack,2Spooky,
3 Dollar Bill,4,Eye Sore,No. 2,Monstro's Lung,3 Dollar Bill,
4.5 Volt,3,Eye Sore,A Bar of Soap,4.5 Volt,
7 Seals,3,Eye Sore,Eucharist,7 Seals,
8 Inch Nails,3,Eye Sore,Sagittarius,8 Inch Nails,
9 Volt,2,Eye Sore,9 Volt,
A Bar of Soap,2,Eye Sore,A Bar of Soap,
A Dollar,4,Eye Sore,9 Volt,The Mark,A Dollar,
A Lump of Coal,3,Eye Sore,Dark Matter,A Lump of Coal,
A Pony,3,Eye Sore,Mr. ME!,A Pony,
A Pound of Flesh,3,Eye Sore,Spirit Shackles,A Pound of Flesh,
A Quarter,4,Eye Sore,Jumper Cables,The Small Rock,A Quarter,
A Snack,3,Eye Sore,Dessert,A Snack,
Abaddon,4,Eye Sore,Maw of The Void,Eye of Belial,Abaddon,
Abel,4,Eye Sore,Euthanasia,Fate's Reward,Abel,
Abyss,3,Eye Sore,Flip,Abyss,
Acid Baby,3,Eye Sore,Juicy Sack,Acid Baby,
Act of Contrition,3,Eye Sore,A Bar of Soap,Act of Contrition,
Adrenaline,3,Eye Sore,Big Fan,Adrenaline,
Akeldama,2,Eye Sore,Akeldama,
Alabaster Box,4,Eye Sore,Vade Retro,Berserk!,Alabaster Box,
Almond Milk,2,Eye Sore,Almond Milk,
Analog Stick,4,Eye Sore,Iron Bar,Multidimensional Baby,Analog Stick,
Anarchist Cookbook,3,Eye Sore,Mom's Bra,Anarchist Cookbook,
Anemic,4,Eye Sore,Gemini,Butt Bombs,Anemic,
Angelic Prism,2,Eye Sore,Angelic Prism,
Angry Fly,3,Eye Sore,Jaw Bone,Angry Fly,
Anima Sola,3,Eye Sore,Meat Cleaver,Anima Sola,
Ankh,3,Eye Sore,Cancer,Ankh,
Anti-Gravity,4,Eye Sore,Shard of Glass,Epiphora,Anti-Gravity,
Apple!,4,Eye Sore,Iron Bar,8 Inch Nails,Apple!,
Aquarius,3,Eye Sore,Cancer,Aquarius,
Aries,3,Eye Sore,Cancer,Aries,
Astral Projection,2,Eye Sore,Astral Projection,
Athame,3,Eye Sore,Eucharist,Athame,
Azazel's Rage,3,Eye Sore,Neptunus,Azazel's Rage,
BackStabber,5,Eye Sore,Iron Bar,8 Inch Nails,Apple!,BackStabber,
Bag of Crafting,3,Eye Sore,Meat Cleaver,Bag of Crafting,
Ball of Bandages,2,Eye Sore,Ball of Bandages,
Ball of Tar,3,Eye Sore,Sagittarius,Ball of Tar,
Battery Pack,3,Eye Sore,Dream Catcher,Battery Pack,
BBF,3,Eye Sore,Juicy Sack,BBF,
Belly Button,2,Eye Sore,Belly Button,
Berserk!,3,Eye Sore,Vade Retro,Berserk!,
Best Bud,3,Eye Sore,Juicy Sack,Best Bud,
Best Friend,3,Eye Sore,Mom's Bra,Best Friend,
Betrayal,3,Eye Sore,Jaw Bone,Betrayal,
BFFS!,4,Eye Sore,9 Volt,Restock,BFFS!,
Big Chubby,4,Eye Sore,Big Fan,Milk!,Big Chubby,
Big Fan,2,Eye Sore,Big Fan,
Binge Eater,4,Eye Sore,A Bar of Soap,False PHD,Binge Eater,
Binky,3,Eye Sore,Blue Cap,Binky,
Bird Cage,3,Eye Sore,Bloody Gust,Bird Cage,
Bird's Eye,3,Eye Sore,Knockout Drops,Bird's Eye,
Birthright,3,Eye Sore,Sol,Birthright,
Black Candle,3,Eye Sore,Jumper Cables,Black Candle,
Black Hole,2,Eye Sore,Black Hole,
Black Lotus,3,Eye Sore,9 Volt,Black Lotus,
Black Powder,4,Eye Sore,9 Volt,Synthoil,Black Powder,
Blank Card,3,Eye Sore,D Infinity,Blank Card,
Blanket,3,Eye Sore,Jumper Cables,Blanket,
Blood Bag,4,Eye Sore,Jumper Cables,The Negative,Blood Bag,
Blood Bombs,2,Eye Sore,Blood Bombs,
Blood Clot,3,Eye Sore,Dark Matter,Blood Clot,
Blood Oath,4,Eye Sore,Booster Pack,Monstrance,Blood Oath,
Blood of the Martyr,3,Eye Sore,Charm of the Vampire,Blood of the Martyr,
Blood Puppy,2,Eye Sore,Blood Puppy,
Blood Rights,3,Eye Sore,Crooked Penny,Blood Rights,
Bloodshot Eye,2,Eye Sore,Bloodshot Eye,
Bloody Gust,2,Eye Sore,Bloody Gust,
Bloody Lust,3,Eye Sore,Little C.H.A.D,Bloody Lust,
Blue Cap,2,Eye Sore,Blue Cap,
Blue Map,3,Eye Sore,Dark Prince's Crown,Blue Map,
Bob's Brain,3,Eye Sore,Charm of the Vampire,Bob's Brain,
Bob's Curse,3,Eye Sore,Gemini,Bob's Curse,
Bob's Rotten Head,3,Eye Sore,Doctor's Remote,Bob's Rotten Head,
Bobby-Bomb,4,Eye Sore,Gemini,Scatter Bombs,Bobby-Bomb,
Bogo Bombs,4,Eye Sore,Dessert,Spider Mod,Bogo Bombs,
Boiled Baby,2,Eye Sore,Boiled Baby,
Bomb Bag,3,Eye Sore,Sack of Pennies,Bomb Bag,
Bomber Boy,3,Eye Sore,Juicy Sack,Bomber Boy,
Bone Spurs,3,Eye Sore,Lil Portal,Bone Spurs,
Book of Revelations,3,Eye Sore,Monstro's Tooth,Book of Revelations,
Book of Secrets,3,Eye Sore,Monstro's Tooth,Book of Secrets,
Book of Shadows,3,Eye Sore,Mom's Bra,Book of Shadows,
Book of the Dead,3,Eye Sore,Monstro's Tooth,Book of the Dead,
Book of Virtues,2,Eye Sore,Book of Virtues,
Boom!,3,Eye Sore,Cancer,Boom!,
Boomerang,2,Eye Sore,Boomerang,
Booster Pack,2,Eye Sore,Booster Pack,
Bot Fly,4,Eye Sore,Knockout Drops,Bird's Eye,Bot Fly,
Box,4,Eye Sore,9 Volt,Synthoil,Box,
Box of Friends,3,Eye Sore,Wooden Nickel,Box of Friends,
Box of Spiders,3,Eye Sore,Unicorn Stump,Box of Spiders,
Bozo,3,Eye Sore,Brittle Bones,Bozo,
Breakfast,3,Eye Sore,Broken Watch,Breakfast,
Breath of Life,3,Eye Sore,Boomerang,Breath of Life,
Brimstone,3,Eye Sore,Dark Matter,Brimstone,
Brimstone Bombs,3,Eye Sore,Sol,Brimstone Bombs,
Brittle Bones,2,Eye Sore,Brittle Bones,
Broken Glass Cannon,4,Eye Sore,Guppy's Head,Diplopia,Broken Glass Cannon,
Broken Modem,3,Eye Sore,Jumper Cables,Broken Modem,
Broken Shovel (1),3,Eye Sore,Jumper Cables,Broken Shovel (1),
Broken Shovel (2),3,Eye Sore,Mr. ME!,Broken Shovel (2),
Broken Watch,2,Eye Sore,Broken Watch,
Brother Bobby,2,Eye Sore,Brother Bobby,
Brown Nugget,2,Eye Sore,Brown Nugget,
Bucket of Lard,5,Eye Sore,Big Fan,Bursting Sack,Magneto,Bucket of Lard,
Buddy in a Box,3,Eye Sore,Angelic Prism,Buddy in a Box,
Bum Friend,4,Eye Sore,Big Fan,Finger!,Bum Friend,
Bumbo,3,Eye Sore,Bloodshot Eye,Bumbo,
Bursting Sack,3,Eye Sore,Milk!,Bursting Sack,
Butt Bombs,3,Eye Sore,Gemini,Butt Bombs,
Butter Bean,3,Eye Sore,Monstro's Tooth,Butter Bean,
C Section,2,Eye Sore,C Section,
Caffeine Pill,4,Eye Sore,Broken Watch,Match Book,Caffeine Pill,
Cain's Other Eye,2,Eye Sore,Cain's Other Eye,
Cambion Conception,3,Eye Sore,Dark Prince's Crown,Cambion Conception,
Camo Undies,3,Eye Sore,Belly Button,Camo Undies,
Cancer,2,Eye Sore,Cancer,
Candy Heart,3,Eye Sore,Blood Puppy,Candy Heart,
Capricorn,3,Eye Sore,Cancer,Capricorn,
Car Battery,3,Eye Sore,9 Volt,Car Battery,
Card Reading,4,Eye Sore,A Bar of Soap,Sausage,Card Reading,
Cat-O-Nine-Tails,4,Eye Sore,9 Volt,Synthoil,Cat-O-Nine-Tails,
Celtic Cross,3,Eye Sore,Bomb Bag,Celtic Cross,
Censer,3,Eye Sore,Jumper Cables,Censer,
Ceremonial Robes,4,Eye Sore,9 Volt,Synthoil,Ceremonial Robes,
Champion Belt,3,Eye Sore,9 Volt,Champion Belt,
Chaos,4,Eye Sore,9 Volt,Champion Belt,Chaos,
Charged Baby,3,Eye Sore,9 Volt,Charged Baby,
Charm of the Vampire,3,Eye Sore,Cancer,Charm of the Vampire,
Chemical Peel,4,Eye Sore,Sagittarius,Fruit Cake,Chemical Peel,
Chocolate Milk,2,Eye Sore,Chocolate Milk,
Circle of Protection,3,Eye Sore,Blue Cap,Circle of Protection,
Clear Rune,3,Eye Sore,Genesis,Clear Rune,
Clicker,2,Eye Sore,Clicker,
Compost,3,Eye Sore,Jar of Flies,Compost,
Compound Fracture,3,Eye Sore,Cain's Other Eye,Compound Fracture,
Cone Head,4,Eye Sore,Belly Button,Polydactyly,Cone Head,
Consolation Prize,3,Eye Sore,Booster Pack,Consolation Prize,
Contagion,3,Eye Sore,Charm of the Vampire,Contagion,
Continuum,4,Eye Sore,Sagittarius,Fruit Cake,Continuum,
Contract From Below,5,Eye Sore,9 Volt,Black Lotus,Trinity Shield,Contract From Below,
Converter,2,Eye Sore,Converter,
Coupon,3,Eye Sore,D Infinity,Coupon,
Crack Jacks,3,Eye Sore,Blue Cap,Crack Jacks,
Crack The Sky,3,Eye Sore,Unicorn Stump,Crack The Sky,
Cracked Orb,3,Eye Sore,Blood Puppy,Cracked Orb,
Cricket's Body,3,Eye Sore,Sagittarius,Cricket's Body,
Cricket's Head,3,Eye Sore,Juicy Sack,Cricket's Head,
Crooked Penny,2,Eye Sore,Crooked Penny,
Crown of Light,3,Eye Sore,Dark Matter,Crown of Light,
Crystal Ball,3,Eye Sore,Guppy's Head,Crystal Ball,
Cube Baby,3,Eye Sore,Rocket in a Jar,Cube Baby,
Cube of Meat,2,Eye Sore,Cube of Meat,
Cupid's Arrow,3,Eye Sore,Spoon Bender,Cupid's Arrow,
Curse of The Tower,4,Eye Sore,Charm of the Vampire,Bob's Brain,Curse of The Tower,
Cursed Eye,3,Eye Sore,Lost Contact,Cursed Eye,
D Infinity,2,Eye Sore,D Infinity,
D1,3,Eye Sore,Monstro's Tooth,D1,
D10,3,Eye Sore,Doctor's Remote,D10,
D100,3,Eye Sore,The Gamekid,D100,
D12,2,Eye Sore,D12,
D20,3,Eye Sore,Crooked Penny,D20,
D4,3,Eye Sore,D12,D4,
D7,3,Eye Sore,Doctor's Remote,D7,
D8,3,Eye Sore,D12,D8,
Dad's Key,3,Eye Sore,Crooked Penny,Dad's Key,
Dad's Lost Coin,3,Eye Sore,Dark Prince's Crown,Dad's Lost Coin,
Dad's Note,3,Eye Sore,Echo Chamber,Dad's Note,
Dad's Ring,3,Eye Sore,Jumper Cables,Dad's Ring,
Daddy Longlegs,3,Eye Sore,Juicy Sack,Daddy Longlegs,
Damocles,3,Eye Sore,Flip,Damocles,
Dark Arts,2,Eye Sore,Dark Arts,
Dark Bum,4,Eye Sore,Charm of the Vampire,Cancer,Dark Bum,
Dark Matter,2,Eye Sore,Dark Matter,
Dark Prince's Crown,2,Eye Sore,Dark Prince's Crown,
Dataminer,4,Eye Sore,Pause,Clicker,Dataminer,
Dead Bird,4,Eye Sore,Charm of the Vampire,Boom!,Dead Bird,
Dead Cat,4,Eye Sore,Blue Cap,The Pact,Dead Cat,
Dead Dove,2,Eye Sore,Dead Dove,
Dead Eye,3,Eye Sore,Iron Bar,Dead Eye,
Dead Onion,4,Eye Sore,Iron Bar,Ball of Tar,Dead Onion,
Dead Sea Scrolls,3,Eye Sore,Doctor's Remote,Dead Sea Scrolls,
Dead Tooth,3,Eye Sore,Shard of Glass,Dead Tooth,
Death Certificate,3,Eye Sore,Flip,Death Certificate,
Death's List,3,Eye Sore,Dark Prince's Crown,Death's List,
Death's Touch,3,Eye Sore,Euthanasia,Death's Touch,
Decap Attack,2,Eye Sore,Decap Attack,
Deck of Cards,3,Eye Sore,Mom's Bra,Deck of Cards,
Deep Pockets,3,Eye Sore,Jumper Cables,Deep Pockets,
Delirious,2,Eye Sore,Delirious,
Demon Baby,3,Eye Sore,Little Gish,Demon Baby,
Depression,3,Eye Sore,Gemini,Depression,
Dessert,2,Eye Sore,Dessert,
Dinner,3,Eye Sore,Dessert,Dinner,
Diplopia,3,Eye Sore,Guppy's Head,Diplopia,
Dirty Mind,2,Eye Sore,Dirty Mind,
Distant Admiration,3,Eye Sore,Gemini,Distant Admiration,
Divine Intervention,2,Eye Sore,Divine Intervention,
Divorce Papers,3,Eye Sore,Eucharist,Divorce Papers,
Doctor's Remote,2,Eye Sore,Doctor's Remote,
Dog Tooth,3,Eye Sore,Belly Button,Dog Tooth,
Dogma,3,Eye Sore,Sol,Dogma,
Dr. Fetus,4,Eye Sore,Cain's Other Eye,The Parasite,Dr. Fetus,
Dream Catcher,2,Eye Sore,Dream Catcher,
Dry Baby,4,Eye Sore,Juicy Sack,Best Bud,Dry Baby,
Duality,2,Eye Sore,Duality,
Dull Razor,3,Eye Sore,Mr. ME!,Dull Razor,
E. Coli,3,Eye Sore,Cancer,E. Coli,
Echo Chamber,2,Eye Sore,Echo Chamber,
Eden's Blessing,3,Eye Sore,Brittle Bones,Eden's Blessing,
Eden's Soul,3,Eye Sore,D Infinity,Eden's Soul,
Empty Heart,3,Eye Sore,Blood Puppy,Empty Heart,
Empty Vessel,3,Eye Sore,Jumper Cables,Empty Vessel,
Epic Fetus,4,Eye Sore,Little Steven,Compound Fracture,Epic Fetus,
Epiphora,3,Eye Sore,Shard of Glass,Epiphora,
Eraser,2,Eye Sore,Eraser,
Esau Jr,3,Eye Sore,Suplex!,Esau Jr,
Eternal D6,3,Eye Sore,Friend Finder,Eternal D6,
Eucharist,2,Eye Sore,Eucharist,
Euthanasia,2,Eye Sore,Euthanasia,
Eve's Mascara,2,Eye Sore,Eve's Mascara,
Everything Jar,3,Eye Sore,Anima Sola,Everything Jar,
Evil Charm,2,Eye Sore,Evil Charm,
Evil Eye,2,Eye Sore,Evil Eye,
Experimental Treatment,3,Eye Sore,Bomb Bag,Experimental Treatment,
Explosivo,3,Eye Sore,Sagittarius,Explosivo,
Eye Drops,3,Eye Sore,A Bar of Soap,Eye Drops,
Eye of Belial,3,Eye Sore,Maw of The Void,Eye of Belial,
Eye of Greed,3,Eye Sore,Maw of The Void,Eye of Greed,
Eye of the Occult,2,Eye Sore,Eye of the Occult,
Eye Sore,1,Eye Sore,
False PHD,3,Eye Sore,A Bar of Soap,False PHD,
Fanny pack,3,Eye Sore,Dessert,Fanny pack,
Farting Baby,3,Eye Sore,Bomb Bag,Farting Baby,
Fast Bombs,3,Eye Sore,Bomb Bag,Fast Bombs,
Fate,3,Eye Sore,Jumper Cables,Fate,
Fate's Reward,3,Eye Sore,Euthanasia,Fate's Reward,
Finger!,3,Eye Sore,Milk!,Finger!,
Fire Mind,4,Eye Sore,Sagittarius,Ball of Tar,Fire Mind,
Flat Stone,3,Eye Sore,Lachryphagy,Flat Stone,
Flip,2,Eye Sore,Flip,
FLUSH!,2,Eye Sore,FLUSH!,
Forever Alone,3,Eye Sore,Gemini,Forever Alone,
Forget Me Now,3,Eye Sore,Monstro's Tooth,Forget Me Now,
Fortune Cookie,2,Eye Sore,Fortune Cookie,
Free Lemonade,2,Eye Sore,Free Lemonade,
Freezer Baby,2,Eye Sore,Freezer Baby,
Friend Finder,2,Eye Sore,Friend Finder,
Friend Zone,3,Eye Sore,Gemini,Friend Zone,
Friendly Ball,4,Eye Sore,Doctor's Remote,D7,Friendly Ball,
Fruit Cake,3,Eye Sore,Sagittarius,Fruit Cake,
Fruity Plum,3,Eye Sore,Akeldama,Fruity Plum,
GB Bug,3,Eye Sore,Jaw Bone,GB Bug,
Gello,2,Eye Sore,Gello,
Gemini,2,Eye Sore,Gemini,
Genesis,2,Eye Sore,Genesis,
Ghost Baby,4,Eye Sore,Bloodshot Eye,Mom's Eye,Ghost Baby,
Ghost Bombs,2,Eye Sore,Ghost Bombs,
Ghost Pepper,3,Eye Sore,No. 2,Ghost Pepper,
Giant Cell,3,Eye Sore,Almond Milk,Giant Cell,
Gimpy,3,Eye Sore,Juicy Sack,Gimpy,
Glass Cannon,2,Eye Sore,Glass Cannon,
Glass Eye,3,Eye Sore,A Bar of Soap,Glass Eye,
Glaucoma,3,Eye Sore,Large Zit,Glaucoma,
Glitched Crown,4,Eye Sore,Sol,Sacred Orb,Glitched Crown,
Glitter Bombs,4,Eye Sore,Juicy Sack,Polydactyly,Glitter Bombs,
Glowing Hourglass,3,Eye Sore,Pause,Glowing Hourglass,
Glyph of Balance,3,Eye Sore,Jumper Cables,Glyph of Balance,
Gnawed Leaf,4,Eye Sore,Gemini,Thunder Thighs,Gnawed Leaf,
Goat Head,4,Eye Sore,9 Volt,Synthoil,Goat Head,
God's Flesh,3,Eye Sore,Large Zit,God's Flesh,
Godhead,3,Eye Sore,Angelic Prism,Godhead,
Golden Razor,3,Eye Sore,Meat Cleaver,Golden Razor,
Greed's Gullet,3,Eye Sore,Dark Prince's Crown,Greed's Gullet,
Growth Hormones,4,Eye Sore,9 Volt,Lord of the Pit,Growth Hormones,
Guardian Angel,2,Eye Sore,Guardian Angel,
Guppy's Collar,2,Eye Sore,Guppy's Collar,
Guppy's Eye,3,Eye Sore,Sol,Guppy's Eye,
Guppy's Hairball,3,Eye Sore,Dark Prince's Crown,Guppy's Hairball,
Guppy's Head,2,Eye Sore,Guppy's Head,
Guppy's Paw,3,Eye Sore,Guppy's Head,Guppy's Paw,
Guppy's Tail,4,Eye Sore,Blue Cap,Circle of Protection,Guppy's Tail,
Habit,4,Eye Sore,Blue Cap,Circle of Protection,Habit,
Haemolacria,3,Eye Sore,Euthanasia,Haemolacria,
Hallowed Ground,2,Eye Sore,Hallowed Ground,
Halo of Flies,3,Eye Sore,Charm of the Vampire,Halo of Flies,
Harlequin Baby,5,Eye Sore,Bloodshot Eye,Bumbo,The Ludovico Technique,Harlequin Baby,
Head of Krampus,2,Eye Sore,Head of Krampus,
Head of the Keeper,3,Eye Sore,Dark Matter,Head of the Keeper,
Headless Baby,3,Eye Sore,Big Fan,Headless Baby,
Heartbreak,3,Eye Sore,Sol,Heartbreak,
Hemoptysis,2,Eye Sore,Hemoptysis,
Hive Mind,3,Eye Sore,Blue Cap,Hive Mind,
Hold,3,Eye Sore,Flip,Hold,
Holy Grail,4,Eye Sore,9 Volt,Synthoil,Holy Grail,
Holy Light!,3,Eye Sore,Lost Contact,Holy Light!,
Holy Mantle,3,Eye Sore,Juicy Sack,Holy Mantle,
Holy Water,4,Eye Sore,Charm of the Vampire,Bob's Brain,Holy Water,
Host Hat,4,Eye Sore,Sagittarius,8 Inch Nails,Host Hat,
Hot Bombs,3,Eye Sore,Gemini,Hot Bombs,
How To Jump,4,Eye Sore,Mom's Bottle of Pills,Box of Spiders,How To Jump,
Humbleing Bundle,4,Eye Sore,9 Volt,Sack Head,Humbleing Bundle,
Hungry Soul,4,Eye Sore,Sol,Guppy's Eye,Hungry Soul,
Hushy,3,Eye Sore,Euthanasia,Hushy,
Hypercoagulation,3,Eye Sore,Bloody Gust,Hypercoagulation,
IBS,3,Eye Sore,Lil Portal,IBS,
Immaculate Conception,3,Eye Sore,Duality,Immaculate Conception,
Immaculate Heart,3,Eye Sore,Eye of the Occult,Immaculate Heart,
Incubus,3,Eye Sore,Maw of The Void,Incubus,
Infamy,3,Eye Sore,Charm of the Vampire,Infamy,
Infestation,4,Eye Sore,Cancer,Ankh,Infestation,
Infestation 2,3,Eye Sore,Cancer,Infestation 2,
Inner Child,3,Eye Sore,Echo Chamber,Inner Child,
Ipecac,3,Eye Sore,Cain's Other Eye,Ipecac,
Iron Bar,4,Eye Sore,Sagittarius,Tiny Planet,Iron Bar,
Isaac's Heart,5,Eye Sore,Euthanasia,Fate's Reward,Abel,Isaac's Heart,
Isaac's Tears,2,Eye Sore,Isaac's Tears,
Isaac's Tomb,4,Eye Sore,Sol,Guppy's Eye,Isaac's Tomb,
It Hurts,2,Eye Sore,It Hurts,
IV Bag,3,Eye Sore,Jar of Flies,IV Bag,
Jacob's Ladder,6,Eye Sore,Iron Bar,8 Inch Nails,Apple!,BackStabber,Jacob's Ladder,
Jar of Flies,2,Eye Sore,Jar of Flies,
Jar of Wisps,2,Eye Sore,Jar of Wisps,
Jaw Bone,2,Eye Sore,Jaw Bone,
Jesus Juice,4,Eye Sore,Blue Cap,Mom's Pearls,Jesus Juice,
Judas' Shadow,3,Eye Sore,Jumper Cables,Judas' Shadow,
Juicy Sack,2,Eye Sore,Juicy Sack,
Jumper Cables,2,Eye Sore,Jumper Cables,
Jupiter,3,Eye Sore,Sol,Jupiter,
Kamikaze,4,Eye Sore,Mom's Bra,Anarchist Cookbook,Kamikaze,
Keeper's Box,3,Eye Sore,Dark Arts,Keeper's Box,
Keeper's Kin,4,Eye Sore,Bloody Gust,The Swarm,Keeper's Kin,
Keeper's Sack,4,Eye Sore,Sol,Heartbreak,Keeper's Sack,
Key Bum,3,Eye Sore,Little C.H.A.D,Key Bum,
Key Piece 1,3,Eye Sore,Jumper Cables,Key Piece 1,
Key Piece 2,4,Eye Sore,Jumper Cables,Key Piece 1,Key Piece 2,
Kidney Bean,3,Eye Sore,Pause,Kidney Bean,
Kidney Stone,3,Eye Sore,Flat Stone,Kidney Stone,
King Baby,3,Eye Sore,Dark Prince's Crown,King Baby,
Knife Piece 1,3,Eye Sore,Sol,Knife Piece 1,
Knife Piece 2,4,Eye Sore,Sol,Knife Piece 1,Knife Piece 2,
Knockout Drops,2,Eye Sore,Knockout Drops,
Lachryphagy,2,Eye Sore,Lachryphagy,
Large Zit,2,Eye Sore,Large Zit,
Larynx,2,Eye Sore,Larynx,
Latch Key,4,Eye Sore,Dessert,Fanny pack,Latch Key,
Lazarus' Rags,4,Eye Sore,Jaw Bone,Betrayal,Lazarus' Rags,
Lead Pencil,3,Eye Sore,The Wiz,Lead Pencil,
Leech,3,Eye Sore,Charm of the Vampire,Leech,
Lemegeton,3,Eye Sore,Genesis,Lemegeton,
Lemon Mishap,3,Eye Sore,Clicker,Lemon Mishap,
Leo,4,Eye Sore,Gemini,Libra,Leo,
Leprosy,3,Eye Sore,Brittle Bones,Leprosy,
Libra,3,Eye Sore,Gemini,Libra,
Lil Abaddon,3,Eye Sore,Sol,Lil Abaddon,
Lil Brimstone,3,Eye Sore,Iron Bar,Lil Brimstone,
Lil Chest,3,Eye Sore,Little C.H.A.D,Lil Chest,
Lil Delirium,3,Eye Sore,Guardian Angel,Lil Delirium,
Lil Dumpy,3,Eye Sore,120 Volt,Lil Dumpy,
Lil Gurdy,4,Eye Sore,Big Fan,Milk!,Lil Gurdy,
Lil Haunt,4,Eye Sore,Big Fan,Headless Baby,Lil Haunt,
Lil Loki,3,Eye Sore,Brother Bobby,Lil Loki,
Lil Monstro,3,Eye Sore,Lost Contact,Lil Monstro,
Lil Portal,2,Eye Sore,Lil Portal,
Lil Spewer,3,Eye Sore,Jaw Bone,Lil Spewer,
Linger Bean,3,Eye Sore,Lost Contact,Linger Bean,
Little Baggy,3,Eye Sore,Eucharist,Little Baggy,
Little C.H.A.D,2,Eye Sore,Little C.H.A.D,
Little Chubby,3,Eye Sore,Jaw Bone,Little Chubby,
Little Gish,2,Eye Sore,Little Gish,
Little Horn,3,Eye Sore,Dark Matter,Little Horn,
Little Steven,2,Eye Sore,Little Steven,
Lodestone,3,Eye Sore,Knockout Drops,Lodestone,
Loki's Horns,2,Eye Sore,Loki's Horns,
Lord of the Pit,3,Eye Sore,9 Volt,Lord of the Pit,
Lost Contact,2,Eye Sore,Lost Contact,
Lost Fly,3,Eye Sore,Juicy Sack,Lost Fly,
Lost Soul,3,Eye Sore,Ghost Bombs,Lost Soul,
Lucky Foot,4,Eye Sore,Juicy Sack,Polydactyly,Lucky Foot,
Luna,3,Eye Sore,Sol,Luna,
Lunch,4,Eye Sore,Dessert,Dinner,Lunch,
Lusty Blood,3,Eye Sore,Little C.H.A.D,Lusty Blood,
Maggy's Bow,3,Eye Sore,Brittle Bones,Maggy's Bow,
Magic 8 Ball,3,Eye Sore,Broken Watch,Magic 8 Ball,
Magic Fingers,4,Eye Sore,Pause,The Poop,Magic Fingers,
Magic Mushroom,4,Eye Sore,Juicy Sack,Pyro,Magic Mushroom,
Magic Scab,3,Eye Sore,9 Volt,Magic Scab,
Magic Skin,3,Eye Sore,Genesis,Magic Skin,
Magneto,4,Eye Sore,Big Fan,Bursting Sack,Magneto,
MaMa Mega!,3,Eye Sore,Jar of Flies,MaMa Mega!,
Marbles,3,Eye Sore,Jumper Cables,Marbles,
Marked,4,Eye Sore,Iron Bar,Dead Eye,Marked,
Marrow,3,Eye Sore,Duality,Marrow,
Mars,4,Eye Sore,Sol,Luna,Mars,
Match Book,3,Eye Sore,Broken Watch,Match Book,
Maw of The Void,2,Eye Sore,Maw of The Void,
Meat Cleaver,2,Eye Sore,Meat Cleaver,
MEAT!,4,Eye Sore,9 Volt,Magic Scab,MEAT!,
Mega Bean,3,Eye Sore,Unicorn Stump,Mega Bean,
Mega Blast,2,Eye Sore,Mega Blast,
Mega Mush,3,Eye Sore,Friend Finder,Mega Mush,
Member Card,3,Eye Sore,Sol,Member Card,
Mercurius,4,Eye Sore,Sol,Jupiter,Mercurius,
Metal Plate,3,Eye Sore,Gemini,Metal Plate,
Metronome,3,Eye Sore,D12,Metronome,
Midas Touch,3,Eye Sore,Gemini,Midas Touch,
Midnight Snack,3,Eye Sore,Dessert,Midnight Snack,
Milk!,2,Eye Sore,Milk!,
Mine Crafter,3,Eye Sore,Doctor's Remote,Mine Crafter,
Mini Mush,3,Eye Sore,Juicy Sack,Mini Mush,
Missing No,3,Eye Sore,Eucharist,Missing No,
Missing Page 2,4,Eye Sore,9 Volt,Synthoil,Missing Page 2,
Mitre,4,Eye Sore,Juicy Sack,Pyro,Mitre,
Mom's Bottle of Pills,2,Eye Sore,Mom's Bottle of Pills,
Mom's Box,3,Eye Sore,Jar of Flies,Mom's Box,
Mom's Bra,2,Eye Sore,Mom's Bra,
Mom's Bracelet,3,Eye Sore,Sharp Key,Mom's Bracelet,
Mom's Coin Purse,4,Eye Sore,9 Volt,Sack Head,Mom's Coin Purse,
Mom's Contacts,3,Eye Sore,Little Steven,Mom's Contacts,
Mom's Eye,2,Eye Sore,Mom's Eye,
Mom's Eyeshadow,5,Eye Sore,Brother Bobby,Epiphora,Anti-Gravity,Mom's Eyeshadow,
Mom's Heels,3,Eye Sore,Dessert,Mom's Heels,
Mom's Key,4,Eye Sore,9 Volt,Champion Belt,Mom's Key,
Mom's Knife,3,Eye Sore,Euthanasia,Mom's Knife,
Mom's Lipstick,4,Eye Sore,Dessert,Mom's Heels,Mom's Lipstick,
Mom's Pad,3,Eye Sore,Mom's Bra,Mom's Pad,
Mom's Pearls,3,Eye Sore,Blue Cap,Mom's Pearls,
Mom's Perfume,3,Eye Sore,Lost Contact,Mom's Perfume,
Mom's Purse,3,Eye Sore,Blue Cap,Mom's Purse,
Mom's Razor,4,Eye Sore,Big Fan,Finger!,Mom's Razor,
Mom's Ring,4,Eye Sore,Dream Catcher,Stapler,Mom's Ring,
Mom's Shovel,4,Eye Sore,Mr. ME!,Broken Shovel (2),Mom's Shovel,
Mom's Underwear,3,Eye Sore,Broken Watch,Mom's Underwear,
Mom's Wig,5,Eye Sore,Iron Bar,Ball of Tar,Dead Onion,Mom's Wig,
Money = Power,4,Eye Sore,Charm of the Vampire,Blood of the Martyr,Money = Power,
Mongo Baby,3,Eye Sore,Lost Contact,Mongo Baby,
Monster Manual,4,Eye Sore,Mom's Bottle of Pills,My Little Unicorn,Monster Manual,
Monstrance,3,Eye Sore,Booster Pack,Monstrance,
Monstro's Lung,3,Eye Sore,No. 2,Monstro's Lung,
Monstro's Tooth,2,Eye Sore,Monstro's Tooth,
Montezuma's Revenge,2,Eye Sore,Montezuma's Revenge,
More Options,4,Eye Sore,Jumper Cables,Black Candle,More Options,
Moving Box,3,Eye Sore,Wooden Nickel,Moving Box,
Mr. Boom,3,Eye Sore,Doctor's Remote,Mr. Boom,
Mr. Dolly,3,Eye Sore,Blue Cap,Mr. Dolly,
Mr. ME!,2,Eye Sore,Mr. ME!,
Mr. Mega,3,Eye Sore,Little C.H.A.D,Mr. Mega,
Mucormycosis,3,Eye Sore,Playdough Cookie,Mucormycosis,
Multidimensional Baby,3,Eye Sore,Iron Bar,Multidimensional Baby,
Mutant Spider,4,Eye Sore,Iron Bar,Dead Eye,Mutant Spider,
My Little Unicorn,3,Eye Sore,Unicorn Stump,My Little Unicorn,
My Reflection,4,Eye Sore,Lost Contact,Ghost Pepper,My Reflection,
My Shadow,3,Eye Sore,Dark Prince's Crown,My Shadow,
Mysterious Liquid,4,Eye Sore,Sagittarius,Cricket's Body,Mysterious Liquid,
Mystery Egg,4,Eye Sore,Brittle Bones,Leprosy,Mystery Egg,
Mystery Gift,3,Eye Sore,Mr. ME!,Mystery Gift,
Mystery Sack,4,Eye Sore,Little C.H.A.D,Lil Chest,Mystery Sack,
Nancy Bombs,2,Eye Sore,Nancy Bombs,
Neptunus,2,Eye Sore,Neptunus,
Night Light,3,Eye Sore,Broken Watch,Night Light,
No. 2,2,Eye Sore,No. 2,
Notched Axe,3,Eye Sore,Boomerang,Notched Axe,
Number One,5,Eye Sore,Sagittarius,Fruit Cake,Sulfuric Acid,Number One,
Obsessed Fan,5,Eye Sore,Charm of the Vampire,Bob's Brain,Curse of The Tower,Obsessed Fan,
Ocular Rift,3,Eye Sore,Eye of the Occult,Ocular Rift,
Odd Mushroom (Large),4,Eye Sore,Charm of the Vampire,Roid Rage,Odd Mushroom (Large),
Odd Mushroom (Thin),3,Eye Sore,Charm of the Vampire,Odd Mushroom (Thin),
Old Bandage,3,Eye Sore,Blue Cap,Old Bandage,
Options?,4,Eye Sore,Sol,Lil Abaddon,Options?,
Orphan Socks,4,Eye Sore,A Bar of Soap,False PHD,Orphan Socks,
Ouija Board,4,Eye Sore,Iron Bar,Fruit Cake,Ouija Board,
Pageant Boy,3,Eye Sore,Blue Cap,Pageant Boy,
Pandora's Box,3,Eye Sore,Mr. ME!,Pandora's Box,
Papa Fly,4,Eye Sore,Brother Bobby,Epiphora,Papa Fly,
Parasitoid,4,Eye Sore,No. 2,Ghost Pepper,Parasitoid,
Paschal Candle,4,Eye Sore,A Bar of Soap,Act of Contrition,Paschal Candle,
Pause,2,Eye Sore,Pause,
Pay To Play,4,Eye Sore,9 Volt,Tarot Cloth,Pay To Play,
Pentagram,3,Eye Sore,9 Volt,Pentagram,
PhD,4,Eye Sore,Juicy Sack,Mini Mush,PhD,
Piggy Bank,3,Eye Sore,Big Fan,Piggy Bank,
Pinking Shears,3,Eye Sore,Clicker,Pinking Shears,
Pisces,3,Eye Sore,Sagittarius,Pisces,
PJs,4,Eye Sore,9 Volt,Magic Scab,PJs,
Placebo,3,Eye Sore,Converter,Placebo,
Placenta,4,Eye Sore,9 Volt,Magic Scab,Placenta,
Plan C,3,Eye Sore,Mr. ME!,Plan C,
Playdough Cookie,2,Eye Sore,Playdough Cookie,
Plum Flute,3,Eye Sore,Friend Finder,Plum Flute,
Pluto,4,Eye Sore,Sol,Luna,Pluto,
Pointy Rib,3,Eye Sore,Jaw Bone,Pointy Rib,
Poke Go,4,Eye Sore,9 Volt,Tarot Cloth,Poke Go,
Polydactyly,3,Eye Sore,Belly Button,Polydactyly,
Polyphemus,4,Eye Sore,No. 2,Ghost Pepper,Polyphemus,
Pop!,2,Eye Sore,Pop!,
Portable Slot,3,Eye Sore,Guppy's Head,Portable Slot,
Potato Peeler,3,Eye Sore,Jar of Flies,Potato Peeler,
Prayer Card,4,Eye Sore,Mom's Bra,Sharp Straw,Prayer Card,
Proptosis,4,Eye Sore,Lost Contact,Cursed Eye,Proptosis,
Psy Fly,3,Eye Sore,Blood Bombs,Psy Fly,
Punching Bag,4,Eye Sore,Gemini,Midas Touch,Punching Bag,
Pupula Duplex,3,Eye Sore,The Wiz,Pupula Duplex,
Purgatory,2,Eye Sore,Purgatory,
Purity,4,Eye Sore,Brittle Bones,Eden's Blessing,Purity,
Pyro,3,Eye Sore,Juicy Sack,Pyro,
Pyromaniac,4,Eye Sore,Cancer,E. Coli,Pyromaniac,
Quints,4,Eye Sore,Knockout Drops,Lodestone,Quints,
R Key,2,Eye Sore,R Key,
Rainbow Baby,6,Eye Sore,Brother Bobby,Epiphora,Anti-Gravity,Shard of Glass,Rainbow Baby,
Raw Liver,4,Eye Sore,9 Volt,Whore of Babylon,Raw Liver,
Razor Blade,3,Eye Sore,Crooked Penny,Razor Blade,
Recall,3,Eye Sore,Genesis,Recall,
Red Candle,3,Eye Sore,Wooden Nickel,Red Candle,
Red Key,3,Eye Sore,Flip,Red Key,
Red Stew,3,Eye Sore,Sol,Red Stew,
Redemption,3,Eye Sore,Echo Chamber,Redemption,
Remote Detonator,4,Eye Sore,Pause,The Poop,Remote Detonator,
Restock,3,Eye Sore,9 Volt,Restock,
Revelation,3,Eye Sore,Star of Bethlehem,Revelation,
Robo-Baby,3,Eye Sore,Brother Bobby,Robo-Baby,
Robo-Baby 2.0,3,Eye Sore,Little Gish,Robo-Baby 2.0,
Rock Bottom,4,Eye Sore,Sol,Birthright,Rock Bottom,
Rocket in a Jar,2,Eye Sore,Rocket in a Jar,
Roid Rage,3,Eye Sore,Charm of the Vampire,Roid Rage,
Rosary,4,Eye Sore,Charm of the Vampire,Roid Rage,Rosary,
Rotten Baby,4,Eye Sore,Charm of the Vampire,Bob's Brain,Rotten Baby,
Rotten Meat,4,Eye Sore,Broken Watch,Breakfast,Rotten Meat,
Rotten Tomato,4,Eye Sore,Knockout Drops,Lodestone,Rotten Tomato,
Rubber Cement,3,Eye Sore,Lachryphagy,Rubber Cement,
Rune Bag,3,Eye Sore,Brittle Bones,Rune Bag,
Sack Head,3,Eye Sore,9 Volt,Sack Head,
Sack of Pennies,2,Eye Sore,Sack of Pennies,
Sack of Sacks,4,Eye Sore,Jumper Cables,Glyph of Balance,Sack of Sacks,
Sacred Heart,4,Eye Sore,Dark Matter,Crown of Light,Sacred Heart,
Sacred Orb,3,Eye Sore,Sol,Sacred Orb,
Sacrificial Altar,3,Eye Sore,Wooden Nickel,Sacrificial Altar,
Sacrificial Dagger,3,Eye Sore,Little C.H.A.D,Sacrificial Dagger,
Sad Bombs,6,Eye Sore,Iron Bar,Ball of Tar,Fire Mind,Pisces,Sad Bombs,
Safety Pin,3,Eye Sore,Dessert,Safety Pin,
Sagittarius,2,Eye Sore,Sagittarius,
Salvation,3,Eye Sore,Echo Chamber,Salvation,
Samson's Chains,3,Eye Sore,Bomb Bag,Samson's Chains,
Sanguine Bond,3,Eye Sore,Divine Intervention,Sanguine Bond,
Satanic Bible,4,Eye Sore,Monstro's Tooth,D1,Satanic Bible,
Saturnus,3,Eye Sore,Neptunus,Saturnus,
Sausage,3,Eye Sore,A Bar of Soap,Sausage,
Scapular,5,Eye Sore,Juicy Sack,Mini Mush,Bomber Boy,Scapular,
Scatter Bombs,3,Eye Sore,Gemini,Scatter Bombs,
Schoolbag,3,Eye Sore,Jumper Cables,Schoolbag,
Scissors,3,Eye Sore,Brown Nugget,Scissors,
Scorpio,3,Eye Sore,Sagittarius,Scorpio,
Screw,5,Eye Sore,9 Volt,Tarot Cloth,Pay To Play,Screw,
Seraphim,4,Eye Sore,Lost Contact,Holy Light!,Seraphim,
Serpent's Kiss,4,Eye Sore,Flat Stone,Kidney Stone,Serpent's Kiss,
Shade,3,Eye Sore,Eucharist,Shade,
Shard of Glass,2,Eye Sore,Shard of Glass,
Sharp Key,2,Eye Sore,Sharp Key,
Sharp Plug,5,Eye Sore,Blue Cap,Starter Deck,Hive Mind,Sharp Plug,
Sharp Straw,2,Eye Sore,Sharp Straw,
Shoop Da Whoop!,2,Eye Sore,Shoop Da Whoop!,
Sinus Infection,5,Eye Sore,Sagittarius,8 Inch Nails,Chocolate Milk,Sinus Infection,
Sissy Long Legs,4,Eye Sore,Gemini,Hot Bombs,Sissy Long Legs,
Sister Maggy,3,Eye Sore,Brother Bobby,Sister Maggy,
Skatole,4,Eye Sore,9 Volt,Lord of the Pit,Skatole,
Skeleton Key,5,Eye Sore,Charm of the Vampire,Roid Rage,Rosary,Skeleton Key,
Slipped Rib,3,Eye Sore,Jaw Bone,Slipped Rib,
Smart Fly,3,Eye Sore,Big Fan,Smart Fly,
SMB Super Fan,4,Eye Sore,Little C.H.A.D,Lusty Blood,SMB Super Fan,
Smelter,3,Eye Sore,D Infinity,Smelter,
Sol,2,Eye Sore,Sol,
Soul Locket,3,Eye Sore,Spirit Shackles,Soul Locket,
Soy Milk,3,Eye Sore,No. 2,Soy Milk,
Spear of Destiny,3,Eye Sore,Broken Watch,Spear of Destiny,
Speed Ball,5,Eye Sore,Juicy Sack,Mini Mush,Dog Tooth,Speed Ball,
Spelunker Hat,6,Eye Sore,Charm of the Vampire,Roid Rage,Rosary,Skeleton Key,Spelunker Hat,
Spider Bite,4,Eye Sore,Iron Bar,Cupid's Arrow,Spider Bite,
Spider Butt,4,Eye Sore,Unicorn Stump,Crack The Sky,Spider Butt,
Spider Mod,3,Eye Sore,Dessert,Spider Mod,
Spiderbaby,4,Eye Sore,Cancer,Virgo,Spiderbaby,
Spin to Win,2,Eye Sore,Spin to Win,
Spindown Dice,3,Eye Sore,Anima Sola,Spindown Dice,
Spirit of the Night,4,Eye Sore,Dark Matter,Little Horn,Spirit of the Night,
Spirit Shackles,2,Eye Sore,Spirit Shackles,
Spirit Sword,3,Eye Sore,Neptunus,Spirit Sword,
Spoon Bender,2,Eye Sore,Spoon Bender,
Sprinkler,2,Eye Sore,Sprinkler,
Squeezy,4,Eye Sore,Blue Cap,Binky,Squeezy,
Stapler,3,Eye Sore,Dream Catcher,Stapler,
Star of Bethlehem,2,Eye Sore,Star of Bethlehem,
Starter Deck,3,Eye Sore,Blue Cap,Starter Deck,
Steam Sale,2,Eye Sore,Steam Sale,
Stem Cells,4,Eye Sore,Gemini,Bob's Curse,Stem Cells,
Steven,3,Eye Sore,Eucharist,Steven,
StickyBombs,4,Eye Sore,Big Fan,Bursting Sack,StickyBombs,
Stigmata,4,Eye Sore,Charm of the Vampire,Leech,Stigmata,
Stitches,2,Eye Sore,Stitches,
Stop Watch,4,Eye Sore,Eucharist,Little Baggy,Stop Watch,
Strange Attractor,4,Eye Sore,Sagittarius,Ball of Tar,Strange Attractor,
Strawman,3,Eye Sore,Spirit Shackles,Strawman,
Stye,2,Eye Sore,Stye,
Succubus,3,Eye Sore,Jumper Cables,Succubus,
Sulfur,2,Eye Sore,Sulfur,
Sulfuric Acid,4,Eye Sore,Sagittarius,Fruit Cake,Sulfuric Acid,
Sumptorium,2,Eye Sore,Sumptorium,
Super Bandage,3,Eye Sore,Brittle Bones,Super Bandage,
Suplex!,2,Eye Sore,Suplex!,
Supper,3,Eye Sore,Evil Charm,Supper,
Sworn Protector,3,Eye Sore,Eucharist,Sworn Protector,
Synthoil,3,Eye Sore,9 Volt,Synthoil,
Tammy's Head,2,Eye Sore,Tammy's Head,
Tarot Cloth,3,Eye Sore,9 Volt,Tarot Cloth,
Taurus,3,Eye Sore,Gemini,Taurus,
Tear Detonator,2,Eye Sore,Tear Detonator,
Tech X,4,Eye Sore,Iron Bar,8 Inch Nails,Tech X,
Tech.5,4,Eye Sore,Euthanasia,Death's Touch,Tech.5,
Technology,4,Eye Sore,Lost Contact,Holy Light!,Technology,
Technology 2,4,Eye Sore,Iron Bar,Cupid's Arrow,Technology 2,
Technology Zero,3,Eye Sore,Little Steven,Technology Zero,
Telekinesis,2,Eye Sore,Telekinesis,
Telepathy for Dummies,4,Eye Sore,Glass Cannon,Tammy's Head,Telepathy for Dummies,
Teleport,3,Eye Sore,Pause,Teleport,
Teleport 2.0,3,Eye Sore,Pause,Teleport 2.0,
Terra,3,Eye Sore,Neptunus,Terra,
The Battery,3,Eye Sore,9 Volt,The Battery,
The Bean,4,Eye Sore,Pause,Kidney Bean,The Bean,
The Belt,3,Eye Sore,Dessert,The Belt,
The Bible,3,Eye Sore,Boomerang,The Bible,
The Black Bean,3,Eye Sore,Charm of the Vampire,The Black Bean,
The Body,4,Eye Sore,Brittle Bones,Eden's Blessing,The Body,
The Book of Belial,3,Eye Sore,Guppy's Head,The Book of Belial,
The Book of Sin,3,Eye Sore,The Gamekid,The Book of Sin,
The Candle,3,Eye Sore,Mr. ME!,The Candle,
The Common Cold,3,Eye Sore,Shard of Glass,The Common Cold,
The Compass,4,Eye Sore,Dessert,Mom's Heels,The Compass,
The D6,3,Eye Sore,Crooked Penny,The D6,
The Gamekid,2,Eye Sore,The Gamekid,
The Guillotine,3,Eye Sore,Brittle Bones,The Guillotine,
The Halo,3,Eye Sore,Little C.H.A.D,The Halo,
The Hourglass,3,Eye Sore,Mom's Bra,The Hourglass,
The Inner Eye,4,Eye Sore,No. 2,Ghost Pepper,The Inner Eye,
The Intruder,5,Eye Sore,Knockout Drops,Lodestone,Quints,The Intruder,
The Jar,3,Eye Sore,Jar of Flies,The Jar,
The Ladder,3,Eye Sore,Dessert,The Ladder,
The Ludovico Technique,2,Eye Sore,The Ludovico Technique,
The Mark,3,Eye Sore,9 Volt,The Mark,
The Mind,4,Eye Sore,Brittle Bones,The Soul,The Mind,
The Mulligan,4,Eye Sore,Sagittarius,Explosivo,The Mulligan,
The Nail,3,Eye Sore,Mr. ME!,The Nail,
The Necronomicon,3,Eye Sore,D Infinity,The Necronomicon,
The Negative,3,Eye Sore,Jumper Cables,The Negative,
The Pact,3,Eye Sore,Blue Cap,The Pact,
The Parasite,3,Eye Sore,Evil Eye,The Parasite,
The Peeper,4,Eye Sore,Lost Contact,No. 2,The Peeper,
The Polaroid,4,Eye Sore,Eucharist,Little Baggy,The Polaroid,
The Poop,3,Eye Sore,Pause,The Poop,
The Relic,3,Eye Sore,Little C.H.A.D,The Relic,
The Sad Onion,4,Eye Sore,Juicy Sack,Pyro,The Sad Onion,
The Scooper,2,Eye Sore,The Scooper,
The Small Rock,3,Eye Sore,Jumper Cables,The Small Rock,
The Soul,3,Eye Sore,Brittle Bones,The Soul,
The Stairway,4,Eye Sore,Echo Chamber,Salvation,The Stairway,
The Swarm,3,Eye Sore,Bloody Gust,The Swarm,
The Virus,4,Eye Sore,Charm of the Vampire,Roid Rage,The Virus,
The Wafer,4,Eye Sore,Charm of the Vampire,Boom!,The Wafer,
The Wiz,2,Eye Sore,The Wiz,
There's Options,4,Eye Sore,Eucharist,Steven,There's Options,
Thunder Thighs,3,Eye Sore,Gemini,Thunder Thighs,
Tiny Planet,3,Eye Sore,Sagittarius,Tiny Planet,
Tinytoma,3,Eye Sore,Blood Puppy,Tinytoma,
TMTRAINER,4,Eye Sore,Echo Chamber,Inner Child,TMTRAINER,
Tooth and Nail,2,Eye Sore,Tooth and Nail,
Toothpicks,4,Eye Sore,9 Volt,Synthoil,Toothpicks,
Torn Photo,3,Eye Sore,Blue Cap,Torn Photo,
Tough Love,3,Eye Sore,Chocolate Milk,Tough Love,
Toxic Shock,3,Eye Sore,Cancer,Toxic Shock,
Tractor Beam,5,Eye Sore,Iron Bar,8 Inch Nails,Host Hat,Tractor Beam,
Transcendence,3,Eye Sore,Jumper Cables,Transcendence,
Treasure Map,4,Eye Sore,Dessert,The Belt,Treasure Map,
Trinity Shield,4,Eye Sore,9 Volt,Black Lotus,Trinity Shield,
Trisagion,3,Eye Sore,Angelic Prism,Trisagion,
Tropicamide,2,Eye Sore,Tropicamide,
Twisted Pair,4,Eye Sore,Neptunus,Azazel's Rage,Twisted Pair,
Undefined,3,Eye Sore,Telekinesis,Undefined,
Unicorn Stump,2,Eye Sore,Unicorn Stump,
Uranus,4,Eye Sore,Neptunus,Terra,Uranus,
Urn of Souls,3,Eye Sore,Genesis,Urn of Souls,
Vade Retro,2,Eye Sore,Vade Retro,
Vanishing Twin,4,Eye Sore,Divine Intervention,Sanguine Bond,Vanishing Twin,
Varicose Veins,4,Eye Sore,Iron Bar,Dead Eye,Varicose Veins,
Vasculitis,3,Eye Sore,Boiled Baby,Vasculitis,
Vengeful Spirit,2,Eye Sore,Vengeful Spirit,
Ventricle Razor,3,Eye Sore,Jar of Flies,Ventricle Razor,
Venus,3,Eye Sore,Sol,Venus,
Virgo,4,Eye Sore,Cancer,Aries,Virgo,
Void,3,Eye Sore,Mr. ME!,Void,
Voodoo Head,3,Eye Sore,Dream Catcher,Voodoo Head,
Wait What?,4,Eye Sore,Mom's Bottle of Pills,Box of Spiders,Wait What?,
Wavy Cap,2,Eye Sore,Wavy Cap,
We Need To Go Deeper,3,Eye Sore,Jar of Flies,We Need To Go Deeper,
White Pony,3,Eye Sore,D Infinity,White Pony,
Whore of Babylon,3,Eye Sore,9 Volt,Whore of Babylon,
Wire Coat Hanger,4,Eye Sore,Jumper Cables,The Small Rock,Wire Coat Hanger,
Wooden Nickel,2,Eye Sore,Wooden Nickel,
Wooden Spoon,4,Eye Sore,Dessert,The Belt,Wooden Spoon,
Worm Friend,3,Eye Sore,Bloody Gust,Worm Friend,
X-Ray Vision,3,Eye Sore,Belly Button,X-Ray Vision,
YO LISTEN!,4,Eye Sore,Charm of the Vampire,Aries,YO LISTEN!,
Yuck Heart,3,Eye Sore,Suplex!,Yuck Heart,
Yum Heart,4,Eye Sore,Doctor's Remote,Dead Sea Scrolls,Yum Heart,
Zodiac,3,Eye Sore,Jaw Bone,Zodiac,
