???'s Only Friend,4,Rainbow Baby,Pointy Rib,GB Bug,???'s Only Friend,
<3,3,Rainbow Baby,Aries,<3,
120 Volt,3,Rainbow Baby,Aries,120 Volt,
1UP,5,Rainbow Baby,Card Reading,Crack Jacks,Whore of Babylon,1UP,
20/20,3,Rainbow Baby,Iron Bar,20/20,
2Spooky,3,Rainbow Baby,Broken Watch,2Spooky,
3 Dollar Bill,3,Rainbow Baby,The Black Bean,3 Dollar Bill,
4.5 Volt,3,Rainbow Baby,Card Reading,4.5 Volt,
7 Seals,3,Rainbow Baby,Star of Bethlehem,7 Seals,
8 Inch Nails,3,Rainbow Baby,Iron Bar,8 Inch Nails,
9 Volt,3,Rainbow Baby,Old Bandage,9 Volt,
A Bar of Soap,3,Rainbow Baby,Old Bandage,A Bar of Soap,
A Dollar,4,Rainbow Baby,Card Reading,Growth Hormones,A Dollar,
A Lump of Coal,3,Rainbow Baby,Little Horn,A Lump of Coal,
A Pony,3,Rainbow Baby,Coupon,A Pony,
A Pound of Flesh,2,Rainbow Baby,A Pound of Flesh,
A Quarter,3,Rainbow Baby,Keeper's Sack,A Quarter,
A Snack,3,Rainbow Baby,Dessert,A Snack,
Abaddon,5,Rainbow Baby,Star of Bethlehem,Maw of The Void,Eye of Belial,Abaddon,
Abel,2,Rainbow Baby,Abel,
Abyss,2,Rainbow Baby,Abyss,
Acid Baby,2,Rainbow Baby,Acid Baby,
Act of Contrition,3,Rainbow Baby,Old Bandage,Act of Contrition,
Adrenaline,3,Rainbow Baby,Scatter Bombs,Adrenaline,
Akeldama,3,Rainbow Baby,Pointy Rib,Akeldama,
Alabaster Box,3,Rainbow Baby,Berserk!,Alabaster Box,
Almond Milk,5,Rainbow Baby,Anti-Gravity,Epiphora,Shard of Glass,Almond Milk,
Analog Stick,4,Rainbow Baby,Iron Bar,Multidimensional Baby,Analog Stick,
Anarchist Cookbook,2,Rainbow Baby,Anarchist Cookbook,
Anemic,3,Rainbow Baby,Libra,Anemic,
Angelic Prism,3,Rainbow Baby,Star of Bethlehem,Angelic Prism,
Angry Fly,3,Rainbow Baby,Pointy Rib,Angry Fly,
Anima Sola,3,Rainbow Baby,Book of the Dead,Anima Sola,
Ankh,3,Rainbow Baby,Scapular,Ankh,
Anti-Gravity,2,Rainbow Baby,Anti-Gravity,
Apple!,3,Rainbow Baby,Dead Eye,Apple!,
Aquarius,3,Rainbow Baby,Aries,Aquarius,
Aries,2,Rainbow Baby,Aries,
Astral Projection,2,Rainbow Baby,Astral Projection,
Athame,3,Rainbow Baby,Keeper's Sack,Athame,
Azazel's Rage,3,Rainbow Baby,Star of Bethlehem,Azazel's Rage,
BackStabber,5,Rainbow Baby,Dead Eye,Cricket's Body,Apple!,BackStabber,
Bag of Crafting,3,Rainbow Baby,Eternal D6,Bag of Crafting,
Ball of Bandages,4,Rainbow Baby,Bomb Bag,Lil Delirium,Ball of Bandages,
Ball of Tar,3,Rainbow Baby,Iron Bar,Ball of Tar,
Battery Pack,4,Rainbow Baby,Card Reading,4.5 Volt,Battery Pack,
BBF,4,Rainbow Baby,Dead Eye,YO LISTEN!,BBF,
Belly Button,5,Rainbow Baby,Charm of the Vampire,Polydactyly,Cone Head,Belly Button,
Berserk!,2,Rainbow Baby,Berserk!,
Best Bud,4,Rainbow Baby,Acid Baby,Dead Bird,Best Bud,
Best Friend,2,Rainbow Baby,Best Friend,
Betrayal,3,Rainbow Baby,Lazarus' Rags,Betrayal,
BFFS!,3,Rainbow Baby,Blood Clot,BFFS!,
Big Chubby,2,Rainbow Baby,Big Chubby,
Big Fan,3,Rainbow Baby,Bloodshot Eye,Big Fan,
Binge Eater,4,Rainbow Baby,Card Reading,False PHD,Binge Eater,
Binky,4,Rainbow Baby,Card Reading,Mr. Dolly,Binky,
Bird Cage,2,Rainbow Baby,Bird Cage,
Bird's Eye,5,Rainbow Baby,Dead Eye,Apple!,Proptosis,Bird's Eye,
Birthright,3,Rainbow Baby,Star of Bethlehem,Birthright,
Black Candle,4,Rainbow Baby,Keeper's Sack,There's Options,Black Candle,
Black Hole,3,Rainbow Baby,Esau Jr,Black Hole,
Black Lotus,3,Rainbow Baby,Card Reading,Black Lotus,
Black Powder,3,Rainbow Baby,Old Bandage,Black Powder,
Blank Card,2,Rainbow Baby,Blank Card,
Blanket,3,Rainbow Baby,Sol,Blanket,
Blood Bag,3,Rainbow Baby,Sol,Blood Bag,
Blood Bombs,4,Rainbow Baby,Aries,<3,Blood Bombs,
Blood Clot,2,Rainbow Baby,Blood Clot,
Blood Oath,3,Rainbow Baby,Consolation Prize,Blood Oath,
Blood of the Martyr,3,Rainbow Baby,Charm of the Vampire,Blood of the Martyr,
Blood Puppy,5,Rainbow Baby,Pointy Rib,GB Bug,???'s Only Friend,Blood Puppy,
Blood Rights,2,Rainbow Baby,Blood Rights,
Bloodshot Eye,3,Rainbow Baby,Big Chubby,Bloodshot Eye,
Bloody Gust,3,Rainbow Baby,The Body,Bloody Gust,
Bloody Lust,2,Rainbow Baby,Bloody Lust,
Blue Cap,4,Rainbow Baby,Card Reading,Mr. Dolly,Blue Cap,
Blue Map,3,Rainbow Baby,A Pound of Flesh,Blue Map,
Bob's Brain,3,Rainbow Baby,Dead Eye,Bob's Brain,
Bob's Curse,2,Rainbow Baby,Bob's Curse,
Bob's Rotten Head,2,Rainbow Baby,Bob's Rotten Head,
Bobby-Bomb,3,Rainbow Baby,Scatter Bombs,Bobby-Bomb,
Bogo Bombs,3,Rainbow Baby,Consolation Prize,Bogo Bombs,
Boiled Baby,4,Rainbow Baby,Anti-Gravity,Mom's Eye,Boiled Baby,
Bomb Bag,2,Rainbow Baby,Bomb Bag,
Bomber Boy,4,Rainbow Baby,Charm of the Vampire,Belly Button,Bomber Boy,
Bone Spurs,3,Rainbow Baby,Cain's Other Eye,Bone Spurs,
Book of Revelations,3,Rainbow Baby,Spindown Dice,Book of Revelations,
Book of Secrets,3,Rainbow Baby,Book of the Dead,Book of Secrets,
Book of Shadows,2,Rainbow Baby,Book of Shadows,
Book of the Dead,2,Rainbow Baby,Book of the Dead,
Book of Virtues,3,Rainbow Baby,Abyss,Book of Virtues,
Boom!,3,Rainbow Baby,Charm of the Vampire,Boom!,
Boomerang,2,Rainbow Baby,Boomerang,
Booster Pack,3,Rainbow Baby,Dessert,Booster Pack,
Bot Fly,6,Rainbow Baby,Dead Eye,Cricket's Body,Apple!,Bird's Eye,Bot Fly,
Box,3,Rainbow Baby,Toothpicks,Box,
Box of Friends,2,Rainbow Baby,Box of Friends,
Box of Spiders,3,Rainbow Baby,FLUSH!,Box of Spiders,
Bozo,3,Rainbow Baby,Fate's Reward,Bozo,
Breakfast,3,Rainbow Baby,Dessert,Breakfast,
Breath of Life,3,Rainbow Baby,The Bible,Breath of Life,
Brimstone,4,Rainbow Baby,Blood Clot,Eye of the Occult,Brimstone,
Brimstone Bombs,3,Rainbow Baby,Sol,Brimstone Bombs,
Brittle Bones,4,Rainbow Baby,The Guillotine,Eden's Blessing,Brittle Bones,
Broken Glass Cannon,3,Rainbow Baby,Jar of Flies,Broken Glass Cannon,
Broken Modem,3,Rainbow Baby,Star of Bethlehem,Broken Modem,
Broken Shovel (1),3,Rainbow Baby,Sol,Broken Shovel (1),
Broken Shovel (2),3,Rainbow Baby,Coupon,Broken Shovel (2),
Broken Watch,2,Rainbow Baby,Broken Watch,
Brother Bobby,5,Rainbow Baby,Anti-Gravity,Epiphora,Shard of Glass,Brother Bobby,
Brown Nugget,3,Rainbow Baby,Book of the Dead,Brown Nugget,
Bucket of Lard,4,Rainbow Baby,Scatter Bombs,Adrenaline,Bucket of Lard,
Buddy in a Box,3,Rainbow Baby,Cain's Other Eye,Buddy in a Box,
Bum Friend,2,Rainbow Baby,Bum Friend,
Bumbo,3,Rainbow Baby,Bloodshot Eye,Bumbo,
Bursting Sack,3,Rainbow Baby,Scatter Bombs,Bursting Sack,
Butt Bombs,3,Rainbow Baby,Bloodshot Eye,Butt Bombs,
Butter Bean,3,Rainbow Baby,Eternal D6,Butter Bean,
C Section,4,Rainbow Baby,Fate's Reward,Isaac's Heart,C Section,
Caffeine Pill,4,Rainbow Baby,Dessert,Safety Pin,Caffeine Pill,
Cain's Other Eye,2,Rainbow Baby,Cain's Other Eye,
Cambion Conception,2,Rainbow Baby,Cambion Conception,
Camo Undies,4,Rainbow Baby,Dead Eye,Jacob's Ladder,Camo Undies,
Cancer,3,Rainbow Baby,Aries,Cancer,
Candy Heart,3,Rainbow Baby,Lazarus' Rags,Candy Heart,
Capricorn,3,Rainbow Baby,Aries,Capricorn,
Car Battery,4,Rainbow Baby,Old Bandage,Black Powder,Car Battery,
Card Reading,2,Rainbow Baby,Card Reading,
Cat-O-Nine-Tails,3,Rainbow Baby,Toothpicks,Cat-O-Nine-Tails,
Celtic Cross,2,Rainbow Baby,Celtic Cross,
Censer,3,Rainbow Baby,Star of Bethlehem,Censer,
Ceremonial Robes,3,Rainbow Baby,Old Bandage,Ceremonial Robes,
Champion Belt,4,Rainbow Baby,Card Reading,Chaos,Champion Belt,
Chaos,3,Rainbow Baby,Card Reading,Chaos,
Charged Baby,3,Rainbow Baby,Dead Eye,Charged Baby,
Charm of the Vampire,2,Rainbow Baby,Charm of the Vampire,
Chemical Peel,2,Rainbow Baby,Chemical Peel,
Chocolate Milk,4,Rainbow Baby,Iron Bar,Explosivo,Chocolate Milk,
Circle of Protection,3,Rainbow Baby,Old Bandage,Circle of Protection,
Clear Rune,3,Rainbow Baby,Blank Card,Clear Rune,
Clicker,3,Rainbow Baby,Book of Shadows,Clicker,
Compost,3,Rainbow Baby,Ventricle Razor,Compost,
Compound Fracture,5,Rainbow Baby,Fate's Reward,Isaac's Heart,C Section,Compound Fracture,
Cone Head,4,Rainbow Baby,Charm of the Vampire,Polydactyly,Cone Head,
Consolation Prize,2,Rainbow Baby,Consolation Prize,
Contagion,3,Rainbow Baby,Dead Eye,Contagion,
Continuum,3,Rainbow Baby,Dead Eye,Continuum,
Contract From Below,3,Rainbow Baby,Old Bandage,Contract From Below,
Converter,3,Rainbow Baby,Sharp Key,Converter,
Coupon,2,Rainbow Baby,Coupon,
Crack Jacks,3,Rainbow Baby,Card Reading,Crack Jacks,
Crack The Sky,2,Rainbow Baby,Crack The Sky,
Cracked Orb,3,Rainbow Baby,Astral Projection,Cracked Orb,
Cricket's Body,3,Rainbow Baby,Dead Eye,Cricket's Body,
Cricket's Head,3,Rainbow Baby,Charm of the Vampire,Cricket's Head,
Crooked Penny,3,Rainbow Baby,Spindown Dice,Crooked Penny,
Crown of Light,3,Rainbow Baby,Blood Clot,Crown of Light,
Crystal Ball,3,Rainbow Baby,Portable Slot,Crystal Ball,
Cube Baby,3,Rainbow Baby,Sissy Long Legs,Cube Baby,
Cube of Meat,3,Rainbow Baby,Pointy Rib,Cube of Meat,
Cupid's Arrow,5,Rainbow Baby,Dead Eye,Knockout Drops,Spider Bite,Cupid's Arrow,
Curse of The Tower,3,Rainbow Baby,Aries,Curse of The Tower,
Cursed Eye,4,Rainbow Baby,Iron Bar,20/20,Cursed Eye,
D Infinity,3,Rainbow Baby,Abyss,D Infinity,
D1,3,Rainbow Baby,Eternal D6,D1,
D10,3,Rainbow Baby,FLUSH!,D10,
D100,3,Rainbow Baby,Metronome,D100,
D12,3,Rainbow Baby,Esau Jr,D12,
D20,3,Rainbow Baby,Blood Rights,D20,
D4,3,Rainbow Baby,Esau Jr,D4,
D7,3,Rainbow Baby,FLUSH!,D7,
D8,2,Rainbow Baby,D8,
Dad's Key,2,Rainbow Baby,Dad's Key,
Dad's Lost Coin,3,Rainbow Baby,Dark Prince's Crown,Dad's Lost Coin,
Dad's Note,3,Rainbow Baby,Keeper's Sack,Dad's Note,
Dad's Ring,3,Rainbow Baby,Star of Bethlehem,Dad's Ring,
Daddy Longlegs,2,Rainbow Baby,Daddy Longlegs,
Damocles,3,Rainbow Baby,Coupon,Damocles,
Dark Arts,3,Rainbow Baby,Berserk!,Dark Arts,
Dark Bum,3,Rainbow Baby,Iron Bar,Dark Bum,
Dark Matter,3,Rainbow Baby,Little Horn,Dark Matter,
Dark Prince's Crown,2,Rainbow Baby,Dark Prince's Crown,
Dataminer,3,Rainbow Baby,Anarchist Cookbook,Dataminer,
Dead Bird,3,Rainbow Baby,Acid Baby,Dead Bird,
Dead Cat,3,Rainbow Baby,Old Bandage,Dead Cat,
Dead Dove,2,Rainbow Baby,Dead Dove,
Dead Eye,2,Rainbow Baby,Dead Eye,
Dead Onion,5,Rainbow Baby,Iron Bar,Ball of Tar,Lost Contact,Dead Onion,
Dead Sea Scrolls,3,Rainbow Baby,Glass Cannon,Dead Sea Scrolls,
Dead Tooth,4,Rainbow Baby,Bloodshot Eye,Glaucoma,Dead Tooth,
Death Certificate,3,Rainbow Baby,Coupon,Death Certificate,
Death's List,3,Rainbow Baby,A Pound of Flesh,Death's List,
Death's Touch,3,Rainbow Baby,Cain's Other Eye,Death's Touch,
Decap Attack,2,Rainbow Baby,Decap Attack,
Deck of Cards,3,Rainbow Baby,Anarchist Cookbook,Deck of Cards,
Deep Pockets,3,Rainbow Baby,Keeper's Sack,Deep Pockets,
Delirious,2,Rainbow Baby,Delirious,
Demon Baby,3,Rainbow Baby,Bomb Bag,Demon Baby,
Depression,3,Rainbow Baby,Anti-Gravity,Depression,
Dessert,2,Rainbow Baby,Dessert,
Dinner,3,Rainbow Baby,Dessert,Dinner,
Diplopia,3,Rainbow Baby,Jar of Flies,Diplopia,
Dirty Mind,3,Rainbow Baby,Pointy Rib,Dirty Mind,
Distant Admiration,4,Rainbow Baby,Bloodshot Eye,Big Fan,Distant Admiration,
Divine Intervention,3,Rainbow Baby,A Pound of Flesh,Divine Intervention,
Divorce Papers,3,Rainbow Baby,Sol,Divorce Papers,
Doctor's Remote,3,Rainbow Baby,FLUSH!,Doctor's Remote,
Dog Tooth,3,Rainbow Baby,Charm of the Vampire,Dog Tooth,
Dogma,3,Rainbow Baby,Sol,Dogma,
Dr. Fetus,3,Rainbow Baby,Cain's Other Eye,Dr. Fetus,
Dream Catcher,3,Rainbow Baby,Card Reading,Dream Catcher,
Dry Baby,4,Rainbow Baby,Iron Bar,Best Bud,Dry Baby,
Duality,3,Rainbow Baby,Dark Prince's Crown,Duality,
Dull Razor,2,Rainbow Baby,Dull Razor,
E. Coli,3,Rainbow Baby,Aries,E. Coli,
Echo Chamber,3,Rainbow Baby,Sol,Echo Chamber,
Eden's Blessing,3,Rainbow Baby,The Guillotine,Eden's Blessing,
Eden's Soul,3,Rainbow Baby,Coupon,Eden's Soul,
Empty Heart,4,Rainbow Baby,Lazarus' Rags,Betrayal,Empty Heart,
Empty Vessel,3,Rainbow Baby,Sol,Empty Vessel,
Epic Fetus,2,Rainbow Baby,Epic Fetus,
Epiphora,3,Rainbow Baby,Anti-Gravity,Epiphora,
Eraser,3,Rainbow Baby,The Bible,Eraser,
Esau Jr,2,Rainbow Baby,Esau Jr,
Eternal D6,2,Rainbow Baby,Eternal D6,
Eucharist,4,Rainbow Baby,Sol,Divorce Papers,Eucharist,
Euthanasia,4,Rainbow Baby,Cain's Other Eye,Key Bum,Euthanasia,
Eve's Mascara,3,Rainbow Baby,The Guillotine,Eve's Mascara,
Everything Jar,3,Rainbow Baby,Gello,Everything Jar,
Evil Charm,3,Rainbow Baby,Broken Watch,Evil Charm,
Evil Eye,3,Rainbow Baby,Fate's Reward,Evil Eye,
Experimental Treatment,3,Rainbow Baby,Lazarus' Rags,Experimental Treatment,
Explosivo,3,Rainbow Baby,Iron Bar,Explosivo,
Eye Drops,4,Rainbow Baby,Old Bandage,A Bar of Soap,Eye Drops,
Eye of Belial,4,Rainbow Baby,Star of Bethlehem,Maw of The Void,Eye of Belial,
Eye of Greed,3,Rainbow Baby,Knife Piece 1,Eye of Greed,
Eye of the Occult,3,Rainbow Baby,Blood Clot,Eye of the Occult,
Eye Sore,4,Rainbow Baby,Bloodshot Eye,Bumbo,Eye Sore,
False PHD,3,Rainbow Baby,Card Reading,False PHD,
Fanny pack,3,Rainbow Baby,Dessert,Fanny pack,
Farting Baby,2,Rainbow Baby,Farting Baby,
Fast Bombs,3,Rainbow Baby,Lazarus' Rags,Fast Bombs,
Fate,2,Rainbow Baby,Fate,
Fate's Reward,2,Rainbow Baby,Fate's Reward,
Finger!,3,Rainbow Baby,Bloodshot Eye,Finger!,
Fire Mind,4,Rainbow Baby,Iron Bar,Ball of Tar,Fire Mind,
Flat Stone,3,Rainbow Baby,Fate's Reward,Flat Stone,
Flip,4,Rainbow Baby,Coupon,Damocles,Flip,
FLUSH!,2,Rainbow Baby,FLUSH!,
Forever Alone,3,Rainbow Baby,Anti-Gravity,Forever Alone,
Forget Me Now,3,Rainbow Baby,Eternal D6,Forget Me Now,
Fortune Cookie,4,Rainbow Baby,Book of Shadows,Clicker,Fortune Cookie,
Free Lemonade,4,Rainbow Baby,Anarchist Cookbook,Magic Fingers,Free Lemonade,
Freezer Baby,2,Rainbow Baby,Freezer Baby,
Friend Finder,3,Rainbow Baby,Book of the Dead,Friend Finder,
Friend Zone,5,Rainbow Baby,Bloodshot Eye,Big Fan,Distant Admiration,Friend Zone,
Friendly Ball,3,Rainbow Baby,Mine Crafter,Friendly Ball,
Fruit Cake,3,Rainbow Baby,Dead Eye,Fruit Cake,
Fruity Plum,4,Rainbow Baby,Pointy Rib,Dirty Mind,Fruity Plum,
GB Bug,3,Rainbow Baby,Pointy Rib,GB Bug,
Gello,2,Rainbow Baby,Gello,
Gemini,3,Rainbow Baby,Anti-Gravity,Gemini,
Genesis,3,Rainbow Baby,Coupon,Genesis,
Ghost Baby,3,Rainbow Baby,Bum Friend,Ghost Baby,
Ghost Bombs,3,Rainbow Baby,Bomb Bag,Ghost Bombs,
Ghost Pepper,5,Rainbow Baby,Iron Bar,Explosivo,Chocolate Milk,Ghost Pepper,
Giant Cell,4,Rainbow Baby,Bloodshot Eye,Bumbo,Giant Cell,
Gimpy,3,Rainbow Baby,Charm of the Vampire,Gimpy,
Glass Cannon,2,Rainbow Baby,Glass Cannon,
Glass Eye,3,Rainbow Baby,Card Reading,Glass Eye,
Glaucoma,3,Rainbow Baby,Bloodshot Eye,Glaucoma,
Glitched Crown,4,Rainbow Baby,Sol,Echo Chamber,Glitched Crown,
Glitter Bombs,3,Rainbow Baby,Iron Bar,Glitter Bombs,
Glowing Hourglass,3,Rainbow Baby,Anarchist Cookbook,Glowing Hourglass,
Glyph of Balance,4,Rainbow Baby,Sol,Empty Vessel,Glyph of Balance,
Gnawed Leaf,4,Rainbow Baby,Libra,Thunder Thighs,Gnawed Leaf,
Goat Head,4,Rainbow Baby,Old Bandage,Ceremonial Robes,Goat Head,
God's Flesh,4,Rainbow Baby,Bloodshot Eye,Bumbo,God's Flesh,
Godhead,3,Rainbow Baby,Star of Bethlehem,Godhead,
Golden Razor,3,Rainbow Baby,Spindown Dice,Golden Razor,
Greed's Gullet,3,Rainbow Baby,Dark Prince's Crown,Greed's Gullet,
Growth Hormones,3,Rainbow Baby,Card Reading,Growth Hormones,
Guardian Angel,3,Rainbow Baby,Bomb Bag,Guardian Angel,
Guppy's Collar,3,Rainbow Baby,Dessert,Guppy's Collar,
Guppy's Eye,3,Rainbow Baby,Keeper's Sack,Guppy's Eye,
Guppy's Hairball,2,Rainbow Baby,Guppy's Hairball,
Guppy's Head,2,Rainbow Baby,Guppy's Head,
Guppy's Paw,3,Rainbow Baby,Guppy's Head,Guppy's Paw,
Guppy's Tail,3,Rainbow Baby,Toothpicks,Guppy's Tail,
Habit,4,Rainbow Baby,Toothpicks,Guppy's Tail,Habit,
Haemolacria,3,Rainbow Baby,Fate's Reward,Haemolacria,
Hallowed Ground,3,Rainbow Baby,Pointy Rib,Hallowed Ground,
Halo of Flies,3,Rainbow Baby,Charm of the Vampire,Halo of Flies,
Harlequin Baby,3,Rainbow Baby,Bob's Curse,Harlequin Baby,
Head of Krampus,3,Rainbow Baby,Box of Friends,Head of Krampus,
Head of the Keeper,3,Rainbow Baby,Blood Clot,Head of the Keeper,
Headless Baby,4,Rainbow Baby,Anti-Gravity,Smart Fly,Headless Baby,
Heartbreak,3,Rainbow Baby,Sol,Heartbreak,
Hemoptysis,4,Rainbow Baby,Pointy Rib,Akeldama,Hemoptysis,
Hive Mind,3,Rainbow Baby,Card Reading,Hive Mind,
Hold,3,Rainbow Baby,Dull Razor,Hold,
Holy Grail,3,Rainbow Baby,Toothpicks,Holy Grail,
Holy Light!,3,Rainbow Baby,Dead Eye,Holy Light!,
Holy Mantle,4,Rainbow Baby,Aries,Cancer,Holy Mantle,
Holy Water,3,Rainbow Baby,Chemical Peel,Holy Water,
Host Hat,4,Rainbow Baby,Iron Bar,8 Inch Nails,Host Hat,
Hot Bombs,4,Rainbow Baby,Scatter Bombs,Bobby-Bomb,Hot Bombs,
How To Jump,3,Rainbow Baby,Mine Crafter,How To Jump,
Humbleing Bundle,4,Rainbow Baby,Old Bandage,Ceremonial Robes,Humbleing Bundle,
Hungry Soul,3,Rainbow Baby,Star of Bethlehem,Hungry Soul,
Hushy,3,Rainbow Baby,Fate's Reward,Hushy,
Hypercoagulation,4,Rainbow Baby,The Body,Bloody Gust,Hypercoagulation,
IBS,3,Rainbow Baby,The Guillotine,IBS,
Immaculate Conception,2,Rainbow Baby,Immaculate Conception,
Immaculate Heart,4,Rainbow Baby,Blood Clot,Eye of the Occult,Immaculate Heart,
Incubus,3,Rainbow Baby,Fate's Reward,Incubus,
Infamy,3,Rainbow Baby,Aries,Infamy,
Infestation,2,Rainbow Baby,Infestation,
Infestation 2,3,Rainbow Baby,Charm of the Vampire,Infestation 2,
Inner Child,3,Rainbow Baby,Keeper's Sack,Inner Child,
Ipecac,3,Rainbow Baby,Sacrificial Dagger,Ipecac,
Iron Bar,2,Rainbow Baby,Iron Bar,
Isaac's Heart,3,Rainbow Baby,Fate's Reward,Isaac's Heart,
Isaac's Tears,3,Rainbow Baby,Decap Attack,Isaac's Tears,
Isaac's Tomb,3,Rainbow Baby,Keeper's Sack,Isaac's Tomb,
It Hurts,3,Rainbow Baby,Anti-Gravity,It Hurts,
IV Bag,3,Rainbow Baby,Portable Slot,IV Bag,
Jacob's Ladder,3,Rainbow Baby,Dead Eye,Jacob's Ladder,
Jar of Flies,2,Rainbow Baby,Jar of Flies,
Jar of Wisps,3,Rainbow Baby,Box of Friends,Jar of Wisps,
Jaw Bone,3,Rainbow Baby,Bomb Bag,Jaw Bone,
Jesus Juice,2,Rainbow Baby,Jesus Juice,
Judas' Shadow,3,Rainbow Baby,Keeper's Sack,Judas' Shadow,
Juicy Sack,3,Rainbow Baby,Acid Baby,Juicy Sack,
Jumper Cables,4,Rainbow Baby,Sol,Blanket,Jumper Cables,
Jupiter,3,Rainbow Baby,Star of Bethlehem,Jupiter,
Kamikaze,3,Rainbow Baby,Anarchist Cookbook,Kamikaze,
Keeper's Box,3,Rainbow Baby,Moving Box,Keeper's Box,
Keeper's Kin,3,Rainbow Baby,The Body,Keeper's Kin,
Keeper's Sack,2,Rainbow Baby,Keeper's Sack,
Key Bum,3,Rainbow Baby,Cain's Other Eye,Key Bum,
Key Piece 1,3,Rainbow Baby,Star of Bethlehem,Key Piece 1,
Key Piece 2,4,Rainbow Baby,Star of Bethlehem,Key Piece 1,Key Piece 2,
Kidney Bean,2,Rainbow Baby,Kidney Bean,
Kidney Stone,3,Rainbow Baby,Fate's Reward,Kidney Stone,
King Baby,3,Rainbow Baby,Pointy Rib,King Baby,
Knife Piece 1,2,Rainbow Baby,Knife Piece 1,
Knife Piece 2,3,Rainbow Baby,Knife Piece 1,Knife Piece 2,
Knockout Drops,4,Rainbow Baby,Dead Eye,Varicose Veins,Knockout Drops,
Lachryphagy,3,Rainbow Baby,Fate's Reward,Lachryphagy,
Large Zit,4,Rainbow Baby,Anti-Gravity,It Hurts,Large Zit,
Larynx,3,Rainbow Baby,Spindown Dice,Larynx,
Latch Key,4,Rainbow Baby,Dessert,Fanny pack,Latch Key,
Lazarus' Rags,2,Rainbow Baby,Lazarus' Rags,
Lead Pencil,5,Rainbow Baby,Dead Eye,Jacob's Ladder,Sinus Infection,Lead Pencil,
Leech,3,Rainbow Baby,Iron Bar,Leech,
Lemegeton,3,Rainbow Baby,Blank Card,Lemegeton,
Lemon Mishap,3,Rainbow Baby,Anarchist Cookbook,Lemon Mishap,
Leo,4,Rainbow Baby,Libra,Taurus,Leo,
Leprosy,3,Rainbow Baby,The Body,Leprosy,
Libra,2,Rainbow Baby,Libra,
Lil Abaddon,3,Rainbow Baby,Fate's Reward,Lil Abaddon,
Lil Brimstone,3,Rainbow Baby,Iron Bar,Lil Brimstone,
Lil Chest,3,Rainbow Baby,Cain's Other Eye,Lil Chest,
Lil Delirium,3,Rainbow Baby,Bomb Bag,Lil Delirium,
Lil Dumpy,3,Rainbow Baby,Acid Baby,Lil Dumpy,
Lil Gurdy,3,Rainbow Baby,Big Chubby,Lil Gurdy,
Lil Haunt,3,Rainbow Baby,Big Chubby,Lil Haunt,
Lil Loki,5,Rainbow Baby,Anti-Gravity,Mom's Eye,Boiled Baby,Lil Loki,
Lil Monstro,3,Rainbow Baby,Acid Baby,Lil Monstro,
Lil Portal,4,Rainbow Baby,Fate's Reward,Isaac's Heart,Lil Portal,
Lil Spewer,3,Rainbow Baby,Farting Baby,Lil Spewer,
Linger Bean,4,Rainbow Baby,Iron Bar,My Reflection,Linger Bean,
Little Baggy,3,Rainbow Baby,Sol,Little Baggy,
Little C.H.A.D,3,Rainbow Baby,Fate's Reward,Little C.H.A.D,
Little Chubby,4,Rainbow Baby,Farting Baby,Lil Spewer,Little Chubby,
Little Gish,3,Rainbow Baby,Pointy Rib,Little Gish,
Little Horn,2,Rainbow Baby,Little Horn,
Little Steven,3,Rainbow Baby,Cain's Other Eye,Little Steven,
Lodestone,3,Rainbow Baby,Iron Bar,Lodestone,
Loki's Horns,3,Rainbow Baby,Bomb Bag,Loki's Horns,
Lord of the Pit,4,Rainbow Baby,Card Reading,Mr. Dolly,Lord of the Pit,
Lost Contact,4,Rainbow Baby,Iron Bar,Ball of Tar,Lost Contact,
Lost Fly,3,Rainbow Baby,Iron Bar,Lost Fly,
Lost Soul,4,Rainbow Baby,Bomb Bag,Ghost Bombs,Lost Soul,
Lucky Foot,4,Rainbow Baby,Aries,<3,Lucky Foot,
Luna,3,Rainbow Baby,Sol,Luna,
Lunch,4,Rainbow Baby,Dessert,Dinner,Lunch,
Lusty Blood,3,Rainbow Baby,The Body,Lusty Blood,
Maggy's Bow,3,Rainbow Baby,The Guillotine,Maggy's Bow,
Magic 8 Ball,2,Rainbow Baby,Magic 8 Ball,
Magic Fingers,3,Rainbow Baby,Anarchist Cookbook,Magic Fingers,
Magic Mushroom,4,Rainbow Baby,Aries,Money = Power,Magic Mushroom,
Magic Scab,4,Rainbow Baby,Card Reading,Crack Jacks,Magic Scab,
Magic Skin,3,Rainbow Baby,Dull Razor,Magic Skin,
Magneto,3,Rainbow Baby,Libra,Magneto,
MaMa Mega!,3,Rainbow Baby,Ventricle Razor,MaMa Mega!,
Marbles,3,Rainbow Baby,Sol,Marbles,
Marked,3,Rainbow Baby,Dead Eye,Marked,
Marrow,3,Rainbow Baby,A Pound of Flesh,Marrow,
Mars,4,Rainbow Baby,Sol,Luna,Mars,
Match Book,3,Rainbow Baby,Consolation Prize,Match Book,
Maw of The Void,3,Rainbow Baby,Star of Bethlehem,Maw of The Void,
Meat Cleaver,3,Rainbow Baby,Eternal D6,Meat Cleaver,
MEAT!,3,Rainbow Baby,Jesus Juice,MEAT!,
Mega Bean,3,Rainbow Baby,Glass Cannon,Mega Bean,
Mega Blast,3,Rainbow Baby,Abyss,Mega Blast,
Mega Mush,3,Rainbow Baby,Spindown Dice,Mega Mush,
Member Card,3,Rainbow Baby,Sol,Member Card,
Mercurius,3,Rainbow Baby,Sol,Mercurius,
Metal Plate,3,Rainbow Baby,Bloodshot Eye,Metal Plate,
Metronome,2,Rainbow Baby,Metronome,
Midas Touch,3,Rainbow Baby,Anti-Gravity,Midas Touch,
Midnight Snack,4,Rainbow Baby,Consolation Prize,Mom's Heels,Midnight Snack,
Milk!,4,Rainbow Baby,Bloodshot Eye,Big Fan,Milk!,
Mine Crafter,2,Rainbow Baby,Mine Crafter,
Mini Mush,3,Rainbow Baby,Aries,Mini Mush,
Missing No,3,Rainbow Baby,Sol,Missing No,
Missing Page 2,4,Rainbow Baby,Card Reading,Crack Jacks,Missing Page 2,
Mitre,3,Rainbow Baby,Infestation,Mitre,
Mom's Bottle of Pills,5,Rainbow Baby,Mine Crafter,How To Jump,Yum Heart,Mom's Bottle of Pills,
Mom's Box,3,Rainbow Baby,Ventricle Razor,Mom's Box,
Mom's Bra,2,Rainbow Baby,Mom's Bra,
Mom's Bracelet,3,Rainbow Baby,Sharp Key,Mom's Bracelet,
Mom's Coin Purse,4,Rainbow Baby,Toothpicks,Box,Mom's Coin Purse,
Mom's Contacts,4,Rainbow Baby,Fate's Reward,Haemolacria,Mom's Contacts,
Mom's Eye,3,Rainbow Baby,Anti-Gravity,Mom's Eye,
Mom's Eyeshadow,3,Rainbow Baby,Anti-Gravity,Mom's Eyeshadow,
Mom's Heels,3,Rainbow Baby,Consolation Prize,Mom's Heels,
Mom's Key,4,Rainbow Baby,Card Reading,Chaos,Mom's Key,
Mom's Knife,5,Rainbow Baby,Cain's Other Eye,Key Bum,Euthanasia,Mom's Knife,
Mom's Lipstick,4,Rainbow Baby,Consolation Prize,Mom's Heels,Mom's Lipstick,
Mom's Pad,3,Rainbow Baby,Mom's Bra,Mom's Pad,
Mom's Pearls,3,Rainbow Baby,Old Bandage,Mom's Pearls,
Mom's Perfume,3,Rainbow Baby,Dead Eye,Mom's Perfume,
Mom's Purse,3,Rainbow Baby,Jesus Juice,Mom's Purse,
Mom's Razor,3,Rainbow Baby,Bloodshot Eye,Mom's Razor,
Mom's Ring,4,Rainbow Baby,Card Reading,Glass Eye,Mom's Ring,
Mom's Shovel,4,Rainbow Baby,Coupon,Broken Shovel (2),Mom's Shovel,
Mom's Underwear,3,Rainbow Baby,Dessert,Mom's Underwear,
Mom's Wig,6,Rainbow Baby,Iron Bar,Ball of Tar,Lost Contact,Dead Onion,Mom's Wig,
Money = Power,3,Rainbow Baby,Aries,Money = Power,
Mongo Baby,3,Rainbow Baby,Freezer Baby,Mongo Baby,
Monster Manual,3,Rainbow Baby,Bob's Rotten Head,Monster Manual,
Monstrance,3,Rainbow Baby,Dessert,Monstrance,
Monstro's Lung,4,Rainbow Baby,Iron Bar,Ball of Tar,Monstro's Lung,
Monstro's Tooth,3,Rainbow Baby,Gello,Monstro's Tooth,
Montezuma's Revenge,3,Rainbow Baby,Cain's Other Eye,Montezuma's Revenge,
More Options,3,Rainbow Baby,Sol,More Options,
Moving Box,2,Rainbow Baby,Moving Box,
Mr. Boom,3,Rainbow Baby,FLUSH!,Mr. Boom,
Mr. Dolly,3,Rainbow Baby,Card Reading,Mr. Dolly,
Mr. ME!,3,Rainbow Baby,Abyss,Mr. ME!,
Mr. Mega,3,Rainbow Baby,The Guillotine,Mr. Mega,
Mucormycosis,4,Rainbow Baby,Dead Eye,Jacob's Ladder,Mucormycosis,
Multidimensional Baby,3,Rainbow Baby,Iron Bar,Multidimensional Baby,
Mutant Spider,3,Rainbow Baby,Chemical Peel,Mutant Spider,
My Little Unicorn,3,Rainbow Baby,FLUSH!,My Little Unicorn,
My Reflection,3,Rainbow Baby,Iron Bar,My Reflection,
My Shadow,3,Rainbow Baby,Immaculate Conception,My Shadow,
Mysterious Liquid,5,Rainbow Baby,Dead Eye,Jacob's Ladder,Mucormycosis,Mysterious Liquid,
Mystery Egg,4,Rainbow Baby,Cain's Other Eye,Dr. Fetus,Mystery Egg,
Mystery Gift,3,Rainbow Baby,Coupon,Mystery Gift,
Mystery Sack,4,Rainbow Baby,Fate's Reward,Lil Abaddon,Mystery Sack,
Nancy Bombs,3,Rainbow Baby,Anti-Gravity,Nancy Bombs,
Neptunus,3,Rainbow Baby,Star of Bethlehem,Neptunus,
Night Light,3,Rainbow Baby,Broken Watch,Night Light,
No. 2,3,Rainbow Baby,Iron Bar,No. 2,
Notched Axe,2,Rainbow Baby,Notched Axe,
Number One,5,Rainbow Baby,Dead Eye,Mom's Perfume,Sulfuric Acid,Number One,
Obsessed Fan,3,Rainbow Baby,Dead Eye,Obsessed Fan,
Ocular Rift,3,Rainbow Baby,Blood Clot,Ocular Rift,
Odd Mushroom (Large),3,Rainbow Baby,Charm of the Vampire,Odd Mushroom (Large),
Odd Mushroom (Thin),3,Rainbow Baby,Charm of the Vampire,Odd Mushroom (Thin),
Old Bandage,2,Rainbow Baby,Old Bandage,
Options?,4,Rainbow Baby,Keeper's Sack,Isaac's Tomb,Options?,
Orphan Socks,4,Rainbow Baby,Card Reading,False PHD,Orphan Socks,
Ouija Board,4,Rainbow Baby,Iron Bar,Glitter Bombs,Ouija Board,
Pageant Boy,3,Rainbow Baby,Jesus Juice,Pageant Boy,
Pandora's Box,3,Rainbow Baby,Abyss,Pandora's Box,
Papa Fly,4,Rainbow Baby,Anti-Gravity,Epiphora,Papa Fly,
Parasitoid,4,Rainbow Baby,Dead Eye,Jacob's Ladder,Parasitoid,
Paschal Candle,4,Rainbow Baby,Card Reading,Glass Eye,Paschal Candle,
Pause,3,Rainbow Baby,Kidney Bean,Pause,
Pay To Play,4,Rainbow Baby,Old Bandage,9 Volt,Pay To Play,
Pentagram,4,Rainbow Baby,Card Reading,Mr. Dolly,Pentagram,
PhD,4,Rainbow Baby,Aries,<3,PhD,
Piggy Bank,4,Rainbow Baby,Scatter Bombs,Adrenaline,Piggy Bank,
Pinking Shears,3,Rainbow Baby,Mom's Bra,Pinking Shears,
Pisces,5,Rainbow Baby,Dead Eye,Knockout Drops,Spider Bite,Pisces,
PJs,4,Rainbow Baby,Card Reading,Crack Jacks,PJs,
Placebo,2,Rainbow Baby,Placebo,
Placenta,5,Rainbow Baby,Card Reading,Crack Jacks,Magic Scab,Placenta,
Plan C,3,Rainbow Baby,Coupon,Plan C,
Playdough Cookie,4,Rainbow Baby,Dead Eye,Knockout Drops,Playdough Cookie,
Plum Flute,3,Rainbow Baby,Gello,Plum Flute,
Pluto,4,Rainbow Baby,Sol,Luna,Pluto,
Pointy Rib,2,Rainbow Baby,Pointy Rib,
Poke Go,3,Rainbow Baby,Blood Clot,Poke Go,
Polydactyly,3,Rainbow Baby,Charm of the Vampire,Polydactyly,
Polyphemus,4,Rainbow Baby,Chemical Peel,The Mulligan,Polyphemus,
Pop!,3,Rainbow Baby,Pointy Rib,Pop!,
Portable Slot,2,Rainbow Baby,Portable Slot,
Potato Peeler,3,Rainbow Baby,Jar of Flies,Potato Peeler,
Prayer Card,3,Rainbow Baby,Remote Detonator,Prayer Card,
Proptosis,4,Rainbow Baby,Dead Eye,Apple!,Proptosis,
Psy Fly,5,Rainbow Baby,Dead Eye,YO LISTEN!,BBF,Psy Fly,
Punching Bag,4,Rainbow Baby,Big Chubby,Lil Gurdy,Punching Bag,
Pupula Duplex,4,Rainbow Baby,Dead Eye,Fruit Cake,Pupula Duplex,
Purgatory,3,Rainbow Baby,Immaculate Conception,Purgatory,
Purity,3,Rainbow Baby,The Guillotine,Purity,
Pyro,3,Rainbow Baby,Scapular,Pyro,
Pyromaniac,3,Rainbow Baby,Aries,Pyromaniac,
Quints,4,Rainbow Baby,Acid Baby,Juicy Sack,Quints,
R Key,3,Rainbow Baby,Jar of Flies,R Key,
Rainbow Baby,1,Rainbow Baby,
Raw Liver,3,Rainbow Baby,Old Bandage,Raw Liver,
Razor Blade,3,Rainbow Baby,Eternal D6,Razor Blade,
Recall,3,Rainbow Baby,Coupon,Recall,
Red Candle,3,Rainbow Baby,Berserk!,Red Candle,
Red Key,3,Rainbow Baby,Coupon,Red Key,
Red Stew,3,Rainbow Baby,Sol,Red Stew,
Redemption,3,Rainbow Baby,Sol,Redemption,
Remote Detonator,2,Rainbow Baby,Remote Detonator,
Restock,4,Rainbow Baby,Card Reading,Tarot Cloth,Restock,
Revelation,3,Rainbow Baby,Star of Bethlehem,Revelation,
Robo-Baby,4,Rainbow Baby,Anti-Gravity,Mom's Eye,Robo-Baby,
Robo-Baby 2.0,4,Rainbow Baby,Pointy Rib,Dirty Mind,Robo-Baby 2.0,
Rock Bottom,4,Rainbow Baby,Sol,Salvation,Rock Bottom,
Rocket in a Jar,3,Rainbow Baby,Libra,Rocket in a Jar,
Roid Rage,4,Rainbow Baby,Aries,Spelunker Hat,Roid Rage,
Rosary,4,Rainbow Baby,Aries,<3,Rosary,
Rotten Baby,3,Rainbow Baby,Dead Eye,Rotten Baby,
Rotten Meat,4,Rainbow Baby,Consolation Prize,Mom's Heels,Rotten Meat,
Rotten Tomato,5,Rainbow Baby,Dead Eye,Knockout Drops,Playdough Cookie,Rotten Tomato,
Rubber Cement,3,Rainbow Baby,Cain's Other Eye,Rubber Cement,
Rune Bag,4,Rainbow Baby,Fate's Reward,Succubus,Rune Bag,
Sack Head,4,Rainbow Baby,Card Reading,Chaos,Sack Head,
Sack of Pennies,3,Rainbow Baby,Bomb Bag,Sack of Pennies,
Sack of Sacks,3,Rainbow Baby,Knife Piece 1,Sack of Sacks,
Sacred Heart,3,Rainbow Baby,Spirit of the Night,Sacred Heart,
Sacred Orb,3,Rainbow Baby,Keeper's Sack,Sacred Orb,
Sacrificial Altar,3,Rainbow Baby,Box of Friends,Sacrificial Altar,
Sacrificial Dagger,2,Rainbow Baby,Sacrificial Dagger,
Sad Bombs,6,Rainbow Baby,Dead Eye,Knockout Drops,Spider Bite,Pisces,Sad Bombs,
Safety Pin,3,Rainbow Baby,Dessert,Safety Pin,
Sagittarius,4,Rainbow Baby,Dead Eye,Cricket's Body,Sagittarius,
Salvation,3,Rainbow Baby,Sol,Salvation,
Samson's Chains,3,Rainbow Baby,Bomb Bag,Samson's Chains,
Sanguine Bond,3,Rainbow Baby,A Pound of Flesh,Sanguine Bond,
Satanic Bible,3,Rainbow Baby,Spindown Dice,Satanic Bible,
Saturnus,3,Rainbow Baby,Star of Bethlehem,Saturnus,
Sausage,5,Rainbow Baby,Card Reading,Glass Eye,Paschal Candle,Sausage,
Scapular,2,Rainbow Baby,Scapular,
Scatter Bombs,2,Rainbow Baby,Scatter Bombs,
Schoolbag,4,Rainbow Baby,Keeper's Sack,There's Options,Schoolbag,
Scissors,3,Rainbow Baby,Book of the Dead,Scissors,
Scorpio,5,Rainbow Baby,Dead Eye,Cricket's Body,Sagittarius,Scorpio,
Screw,3,Rainbow Baby,Old Bandage,Screw,
Seraphim,3,Rainbow Baby,Dead Eye,Seraphim,
Serpent's Kiss,3,Rainbow Baby,Fate's Reward,Serpent's Kiss,
Shade,4,Rainbow Baby,Fate's Reward,Hushy,Shade,
Shard of Glass,4,Rainbow Baby,Anti-Gravity,Epiphora,Shard of Glass,
Sharp Key,2,Rainbow Baby,Sharp Key,
Sharp Plug,3,Rainbow Baby,Old Bandage,Sharp Plug,
Sharp Straw,3,Rainbow Baby,Anarchist Cookbook,Sharp Straw,
Shoop Da Whoop!,3,Rainbow Baby,Kidney Bean,Shoop Da Whoop!,
Sinus Infection,4,Rainbow Baby,Dead Eye,Jacob's Ladder,Sinus Infection,
Sissy Long Legs,2,Rainbow Baby,Sissy Long Legs,
Sister Maggy,5,Rainbow Baby,Anti-Gravity,Mom's Eye,Robo-Baby,Sister Maggy,
Skatole,5,Rainbow Baby,Card Reading,Crack Jacks,Missing Page 2,Skatole,
Skeleton Key,4,Rainbow Baby,Charm of the Vampire,Odd Mushroom (Large),Skeleton Key,
Slipped Rib,3,Rainbow Baby,Astral Projection,Slipped Rib,
Smart Fly,3,Rainbow Baby,Anti-Gravity,Smart Fly,
SMB Super Fan,3,Rainbow Baby,Bloody Lust,SMB Super Fan,
Smelter,3,Rainbow Baby,Dull Razor,Smelter,
Sol,2,Rainbow Baby,Sol,
Soul Locket,3,Rainbow Baby,A Pound of Flesh,Soul Locket,
Soy Milk,5,Rainbow Baby,Iron Bar,Ball of Tar,Monstro's Lung,Soy Milk,
Spear of Destiny,2,Rainbow Baby,Spear of Destiny,
Speed Ball,4,Rainbow Baby,Scapular,Stigmata,Speed Ball,
Spelunker Hat,3,Rainbow Baby,Aries,Spelunker Hat,
Spider Bite,4,Rainbow Baby,Dead Eye,Knockout Drops,Spider Bite,
Spider Butt,2,Rainbow Baby,Spider Butt,
Spider Mod,3,Rainbow Baby,Anti-Gravity,Spider Mod,
Spiderbaby,4,Rainbow Baby,Aries,Capricorn,Spiderbaby,
Spin to Win,3,Rainbow Baby,Kidney Bean,Spin to Win,
Spindown Dice,2,Rainbow Baby,Spindown Dice,
Spirit of the Night,2,Rainbow Baby,Spirit of the Night,
Spirit Shackles,4,Rainbow Baby,A Pound of Flesh,Soul Locket,Spirit Shackles,
Spirit Sword,3,Rainbow Baby,Knife Piece 1,Spirit Sword,
Spoon Bender,4,Rainbow Baby,Iron Bar,8 Inch Nails,Spoon Bender,
Sprinkler,3,Rainbow Baby,Metronome,Sprinkler,
Squeezy,4,Rainbow Baby,Jesus Juice,Pageant Boy,Squeezy,
Stapler,3,Rainbow Baby,Old Bandage,Stapler,
Star of Bethlehem,2,Rainbow Baby,Star of Bethlehem,
Starter Deck,3,Rainbow Baby,Old Bandage,Starter Deck,
Steam Sale,4,Rainbow Baby,Old Bandage,Circle of Protection,Steam Sale,
Stem Cells,2,Rainbow Baby,Stem Cells,
Steven,3,Rainbow Baby,Keeper's Sack,Steven,
StickyBombs,3,Rainbow Baby,Scatter Bombs,StickyBombs,
Stigmata,3,Rainbow Baby,Scapular,Stigmata,
Stitches,2,Rainbow Baby,Stitches,
Stop Watch,3,Rainbow Baby,Star of Bethlehem,Stop Watch,
Strange Attractor,3,Rainbow Baby,Iron Bar,Strange Attractor,
Strawman,3,Rainbow Baby,Dark Prince's Crown,Strawman,
Stye,3,Rainbow Baby,Little Horn,Stye,
Succubus,3,Rainbow Baby,Fate's Reward,Succubus,
Sulfur,2,Rainbow Baby,Sulfur,
Sulfuric Acid,4,Rainbow Baby,Dead Eye,Mom's Perfume,Sulfuric Acid,
Sumptorium,3,Rainbow Baby,Gello,Sumptorium,
Super Bandage,4,Rainbow Baby,The Guillotine,Mr. Mega,Super Bandage,
Suplex!,3,Rainbow Baby,D8,Suplex!,
Supper,3,Rainbow Baby,Dessert,Supper,
Sworn Protector,4,Rainbow Baby,Fate's Reward,Serpent's Kiss,Sworn Protector,
Synthoil,3,Rainbow Baby,Old Bandage,Synthoil,
Tammy's Head,3,Rainbow Baby,Glass Cannon,Tammy's Head,
Tarot Cloth,3,Rainbow Baby,Card Reading,Tarot Cloth,
Taurus,3,Rainbow Baby,Libra,Taurus,
Tear Detonator,3,Rainbow Baby,Boomerang,Tear Detonator,
Tech X,4,Rainbow Baby,Dead Eye,Continuum,Tech X,
Tech.5,4,Rainbow Baby,Fate's Reward,Haemolacria,Tech.5,
Technology,6,Rainbow Baby,Dead Eye,Cricket's Body,Apple!,Bird's Eye,Technology,
Technology 2,3,Rainbow Baby,Chemical Peel,Technology 2,
Technology Zero,3,Rainbow Baby,Cain's Other Eye,Technology Zero,
Telekinesis,3,Rainbow Baby,Esau Jr,Telekinesis,
Telepathy for Dummies,3,Rainbow Baby,Spider Butt,Telepathy for Dummies,
Teleport,4,Rainbow Baby,Anarchist Cookbook,Lemon Mishap,Teleport,
Teleport 2.0,4,Rainbow Baby,Anarchist Cookbook,Glowing Hourglass,Teleport 2.0,
Terra,4,Rainbow Baby,Star of Bethlehem,Neptunus,Terra,
The Battery,4,Rainbow Baby,Old Bandage,9 Volt,The Battery,
The Bean,3,Rainbow Baby,Mom's Bra,The Bean,
The Belt,3,Rainbow Baby,Dessert,The Belt,
The Bible,2,Rainbow Baby,The Bible,
The Black Bean,2,Rainbow Baby,The Black Bean,
The Body,2,Rainbow Baby,The Body,
The Book of Belial,3,Rainbow Baby,Jar of Flies,The Book of Belial,
The Book of Sin,4,Rainbow Baby,Esau Jr,Black Hole,The Book of Sin,
The Candle,2,Rainbow Baby,The Candle,
The Common Cold,5,Rainbow Baby,Anti-Gravity,It Hurts,Large Zit,The Common Cold,
The Compass,4,Rainbow Baby,Consolation Prize,Mom's Heels,The Compass,
The D6,3,Rainbow Baby,Spindown Dice,The D6,
The Gamekid,3,Rainbow Baby,Decap Attack,The Gamekid,
The Guillotine,2,Rainbow Baby,The Guillotine,
The Halo,3,Rainbow Baby,The Body,The Halo,
The Hourglass,3,Rainbow Baby,Mom's Bra,The Hourglass,
The Inner Eye,4,Rainbow Baby,Iron Bar,Explosivo,The Inner Eye,
The Intruder,3,Rainbow Baby,Freezer Baby,The Intruder,
The Jar,3,Rainbow Baby,Ventricle Razor,The Jar,
The Ladder,3,Rainbow Baby,Dessert,The Ladder,
The Ludovico Technique,5,Rainbow Baby,Bloodshot Eye,Bumbo,Eye Sore,The Ludovico Technique,
The Mark,4,Rainbow Baby,Card Reading,Mr. Dolly,The Mark,
The Mind,4,Rainbow Baby,The Body,The Soul,The Mind,
The Mulligan,3,Rainbow Baby,Chemical Peel,The Mulligan,
The Nail,3,Rainbow Baby,Coupon,The Nail,
The Necronomicon,3,Rainbow Baby,Dull Razor,The Necronomicon,
The Negative,4,Rainbow Baby,Sol,Blanket,The Negative,
The Pact,5,Rainbow Baby,Card Reading,Mr. Dolly,The Mark,The Pact,
The Parasite,4,Rainbow Baby,Cain's Other Eye,Dr. Fetus,The Parasite,
The Peeper,2,Rainbow Baby,The Peeper,
The Polaroid,4,Rainbow Baby,Sol,Marbles,The Polaroid,
The Poop,3,Rainbow Baby,Book of Shadows,The Poop,
The Relic,4,Rainbow Baby,Fate's Reward,Hushy,The Relic,
The Sad Onion,4,Rainbow Baby,Aries,Curse of The Tower,The Sad Onion,
The Scooper,3,Rainbow Baby,Mom's Bra,The Scooper,
The Small Rock,3,Rainbow Baby,Keeper's Sack,The Small Rock,
The Soul,3,Rainbow Baby,The Body,The Soul,
The Stairway,4,Rainbow Baby,Sol,Echo Chamber,The Stairway,
The Swarm,3,Rainbow Baby,The Guillotine,The Swarm,
The Virus,4,Rainbow Baby,Dead Eye,YO LISTEN!,The Virus,
The Wafer,3,Rainbow Baby,Aries,The Wafer,
The Wiz,4,Rainbow Baby,Iron Bar,Explosivo,The Wiz,
There's Options,3,Rainbow Baby,Keeper's Sack,There's Options,
Thunder Thighs,3,Rainbow Baby,Libra,Thunder Thighs,
Tiny Planet,3,Rainbow Baby,Iron Bar,Tiny Planet,
Tinytoma,2,Rainbow Baby,Tinytoma,
TMTRAINER,3,Rainbow Baby,Star of Bethlehem,TMTRAINER,
Tooth and Nail,4,Rainbow Baby,Charm of the Vampire,Polydactyly,Tooth and Nail,
Toothpicks,2,Rainbow Baby,Toothpicks,
Torn Photo,3,Rainbow Baby,Old Bandage,Torn Photo,
Tough Love,4,Rainbow Baby,The Black Bean,Daddy Longlegs,Tough Love,
Toxic Shock,3,Rainbow Baby,Dead Eye,Toxic Shock,
Tractor Beam,4,Rainbow Baby,Dead Eye,Seraphim,Tractor Beam,
Transcendence,3,Rainbow Baby,Keeper's Sack,Transcendence,
Treasure Map,4,Rainbow Baby,Dessert,The Belt,Treasure Map,
Trinity Shield,3,Rainbow Baby,Blood Clot,Trinity Shield,
Trisagion,3,Rainbow Baby,Knife Piece 1,Trisagion,
Tropicamide,3,Rainbow Baby,Broken Watch,Tropicamide,
Twisted Pair,3,Rainbow Baby,Fate's Reward,Twisted Pair,
Undefined,3,Rainbow Baby,Esau Jr,Undefined,
Unicorn Stump,3,Rainbow Baby,FLUSH!,Unicorn Stump,
Uranus,5,Rainbow Baby,Star of Bethlehem,Neptunus,Terra,Uranus,
Urn of Souls,3,Rainbow Baby,Coupon,Urn of Souls,
Vade Retro,3,Rainbow Baby,Delirious,Vade Retro,
Vanishing Twin,3,Rainbow Baby,Immaculate Conception,Vanishing Twin,
Varicose Veins,3,Rainbow Baby,Dead Eye,Varicose Veins,
Vasculitis,5,Rainbow Baby,Anti-Gravity,Mom's Eye,Boiled Baby,Vasculitis,
Vengeful Spirit,3,Rainbow Baby,Cambion Conception,Vengeful Spirit,
Ventricle Razor,2,Rainbow Baby,Ventricle Razor,
Venus,4,Rainbow Baby,Star of Bethlehem,Jupiter,Venus,
Virgo,4,Rainbow Baby,Aries,Aquarius,Virgo,
Void,3,Rainbow Baby,Coupon,Void,
Voodoo Head,5,Rainbow Baby,Card Reading,4.5 Volt,Dream Catcher,Voodoo Head,
Wait What?,3,Rainbow Baby,FLUSH!,Wait What?,
Wavy Cap,4,Rainbow Baby,Jar of Flies,Broken Glass Cannon,Wavy Cap,
We Need To Go Deeper,3,Rainbow Baby,Jar of Flies,We Need To Go Deeper,
White Pony,3,Rainbow Baby,The Candle,White Pony,
Whore of Babylon,4,Rainbow Baby,Card Reading,Crack Jacks,Whore of Babylon,
Wire Coat Hanger,3,Rainbow Baby,Keeper's Sack,Wire Coat Hanger,
Wooden Nickel,3,Rainbow Baby,Moving Box,Wooden Nickel,
Wooden Spoon,4,Rainbow Baby,Dessert,The Belt,Wooden Spoon,
Worm Friend,5,Rainbow Baby,Fate's Reward,Isaac's Heart,C Section,Worm Friend,
X-Ray Vision,3,Rainbow Baby,Charm of the Vampire,X-Ray Vision,
YO LISTEN!,3,Rainbow Baby,Dead Eye,YO LISTEN!,
Yuck Heart,3,Rainbow Baby,Esau Jr,Yuck Heart,
Yum Heart,4,Rainbow Baby,Mine Crafter,How To Jump,Yum Heart,
Zodiac,3,Rainbow Baby,Bomb Bag,Zodiac,
