???'s Only Friend,3,Soy Milk,The Soul,???'s Only Friend,
<3,5,Soy Milk,Acid Baby,Roid Rage,Halo of Flies,<3,
120 Volt,4,Soy Milk,Bomber Boy,Mini Mush,120 Volt,
1UP,4,Soy Milk,Mom's Pearls,Steam Sale,1UP,
20/20,3,Soy Milk,The Ludovico Technique,20/20,
2Spooky,4,Soy Milk,Dessert,Spider Mod,2Spooky,
3 Dollar Bill,4,Soy Milk,Fruit Cake,Sulfuric Acid,3 Dollar Bill,
4.5 Volt,4,Soy Milk,Charged Baby,Poke Go,4.5 Volt,
7 Seals,2,Soy Milk,7 Seals,
8 Inch Nails,2,Soy Milk,8 Inch Nails,
9 Volt,3,Soy Milk,Charged Baby,9 Volt,
A Bar of Soap,2,Soy Milk,A Bar of Soap,
A Dollar,3,Soy Milk,Dessert,A Dollar,
A Lump of Coal,3,Soy Milk,Pentagram,A Lump of Coal,
A Pony,2,Soy Milk,A Pony,
A Pound of Flesh,2,Soy Milk,A Pound of Flesh,
A Quarter,3,Soy Milk,A Pound of Flesh,A Quarter,
A Snack,3,Soy Milk,Fanny pack,A Snack,
Abaddon,2,Soy Milk,Abaddon,
Abel,3,Soy Milk,Akeldama,Abel,
Abyss,3,Soy Milk,Keeper's Box,Abyss,
Acid Baby,2,Soy Milk,Acid Baby,
Act of Contrition,3,Soy Milk,A Bar of Soap,Act of Contrition,
Adrenaline,3,Soy Milk,Apple!,Adrenaline,
Akeldama,3,Soy Milk,Lachryphagy,Akeldama,
Alabaster Box,3,Soy Milk,Urn of Souls,Alabaster Box,
Almond Milk,2,Soy Milk,Almond Milk,
Analog Stick,3,Soy Milk,Cupid's Arrow,Analog Stick,
Anarchist Cookbook,3,Soy Milk,Mom's Bra,Anarchist Cookbook,
Anemic,4,Soy Milk,Hot Bombs,Sissy Long Legs,Anemic,
Angelic Prism,3,Soy Milk,Star of Bethlehem,Angelic Prism,
Angry Fly,3,Soy Milk,GB Bug,Angry Fly,
Anima Sola,2,Soy Milk,Anima Sola,
Ankh,3,Soy Milk,8 Inch Nails,Ankh,
Anti-Gravity,4,Soy Milk,Sagittarius,Strange Attractor,Anti-Gravity,
Apple!,2,Soy Milk,Apple!,
Aquarius,3,Soy Milk,Aries,Aquarius,
Aries,2,Soy Milk,Aries,
Astral Projection,3,Soy Milk,GB Bug,Astral Projection,
Athame,3,Soy Milk,Guardian Angel,Athame,
Azazel's Rage,2,Soy Milk,Azazel's Rage,
BackStabber,3,Soy Milk,Apple!,BackStabber,
Bag of Crafting,4,Soy Milk,Black Hole,Meat Cleaver,Bag of Crafting,
Ball of Bandages,3,Soy Milk,Abaddon,Ball of Bandages,
Ball of Tar,2,Soy Milk,Ball of Tar,
Battery Pack,3,Soy Milk,Dessert,Battery Pack,
BBF,3,Soy Milk,Big Fan,BBF,
Belly Button,4,Soy Milk,Polydactyly,Cone Head,Belly Button,
Berserk!,3,Soy Milk,Jar of Wisps,Berserk!,
Best Bud,4,Soy Milk,Big Fan,BBF,Best Bud,
Best Friend,3,Soy Milk,Doctor's Remote,Best Friend,
Betrayal,3,Soy Milk,GB Bug,Betrayal,
BFFS!,3,Soy Milk,Magic Scab,BFFS!,
Big Chubby,4,Soy Milk,Pyro,Magneto,Big Chubby,
Big Fan,2,Soy Milk,Big Fan,
Binge Eater,3,Soy Milk,Breakfast,Binge Eater,
Binky,3,Soy Milk,A Bar of Soap,Binky,
Bird Cage,3,Soy Milk,Blood Puppy,Bird Cage,
Bird's Eye,4,Soy Milk,Apple!,Dead Eye,Bird's Eye,
Birthright,3,Soy Milk,A Pound of Flesh,Birthright,
Black Candle,3,Soy Milk,Key Piece 1,Black Candle,
Black Hole,2,Soy Milk,Black Hole,
Black Lotus,3,Soy Milk,Magic Scab,Black Lotus,
Black Powder,4,Soy Milk,Dessert,Battery Pack,Black Powder,
Blank Card,2,Soy Milk,Blank Card,
Blanket,3,Soy Milk,Hungry Soul,Blanket,
Blood Bag,3,Soy Milk,7 Seals,Blood Bag,
Blood Bombs,3,Soy Milk,Bomber Boy,Blood Bombs,
Blood Clot,2,Soy Milk,Blood Clot,
Blood Oath,3,Soy Milk,Pentagram,Blood Oath,
Blood of the Martyr,3,Soy Milk,Apple!,Blood of the Martyr,
Blood Puppy,2,Soy Milk,Blood Puppy,
Blood Rights,3,Soy Milk,Spindown Dice,Blood Rights,
Bloodshot Eye,3,Soy Milk,Apple!,Bloodshot Eye,
Bloody Gust,3,Soy Milk,Fate's Reward,Bloody Gust,
Bloody Lust,4,Soy Milk,Fate's Reward,Bloody Gust,Bloody Lust,
Blue Cap,3,Soy Milk,Torn Photo,Blue Cap,
Blue Map,3,Soy Milk,Key Piece 1,Blue Map,
Bob's Brain,3,Soy Milk,Hot Bombs,Bob's Brain,
Bob's Curse,3,Soy Milk,Bobby-Bomb,Bob's Curse,
Bob's Rotten Head,3,Soy Milk,Doctor's Remote,Bob's Rotten Head,
Bobby-Bomb,2,Soy Milk,Bobby-Bomb,
Bogo Bombs,3,Soy Milk,Fanny pack,Bogo Bombs,
Boiled Baby,4,Soy Milk,Apple!,Lil Loki,Boiled Baby,
Bomb Bag,4,Soy Milk,Mystery Egg,Sack of Pennies,Bomb Bag,
Bomber Boy,2,Soy Milk,Bomber Boy,
Bone Spurs,2,Soy Milk,Bone Spurs,
Book of Revelations,2,Soy Milk,Book of Revelations,
Book of Secrets,2,Soy Milk,Book of Secrets,
Book of Shadows,4,Soy Milk,Mom's Bra,My Little Unicorn,Book of Shadows,
Book of the Dead,3,Soy Milk,Friend Finder,Book of the Dead,
Book of Virtues,3,Soy Milk,Jar of Wisps,Book of Virtues,
Boom!,3,Soy Milk,Depression,Boom!,
Boomerang,2,Soy Milk,Boomerang,
Booster Pack,4,Soy Milk,Dessert,Consolation Prize,Booster Pack,
Bot Fly,5,Soy Milk,Apple!,8 Inch Nails,Spoon Bender,Bot Fly,
Box,3,Soy Milk,Dessert,Box,
Box of Friends,3,Soy Milk,Keeper's Box,Box of Friends,
Box of Spiders,3,Soy Milk,Unicorn Stump,Box of Spiders,
Bozo,3,Soy Milk,Evil Eye,Bozo,
Breakfast,2,Soy Milk,Breakfast,
Breath of Life,3,Soy Milk,Boomerang,Breath of Life,
Brimstone,3,Soy Milk,Pentagram,Brimstone,
Brimstone Bombs,3,Soy Milk,Hungry Soul,Brimstone Bombs,
Brittle Bones,2,Soy Milk,Brittle Bones,
Broken Glass Cannon,2,Soy Milk,Broken Glass Cannon,
Broken Modem,3,Soy Milk,A Pound of Flesh,Broken Modem,
Broken Shovel (1),3,Soy Milk,A Pound of Flesh,Broken Shovel (1),
Broken Shovel (2),3,Soy Milk,Keeper's Box,Broken Shovel (2),
Broken Watch,3,Soy Milk,Match Book,Broken Watch,
Brother Bobby,4,Soy Milk,Apple!,Epiphora,Brother Bobby,
Brown Nugget,3,Soy Milk,Decap Attack,Brown Nugget,
Bucket of Lard,4,Soy Milk,Pyro,Magneto,Bucket of Lard,
Buddy in a Box,2,Soy Milk,Buddy in a Box,
Bum Friend,4,Soy Milk,Bobby-Bomb,Finger!,Bum Friend,
Bumbo,4,Soy Milk,Apple!,Epiphora,Bumbo,
Bursting Sack,2,Soy Milk,Bursting Sack,
Butt Bombs,3,Soy Milk,Hot Bombs,Butt Bombs,
Butter Bean,2,Soy Milk,Butter Bean,
C Section,3,Soy Milk,Akeldama,C Section,
Caffeine Pill,3,Soy Milk,Match Book,Caffeine Pill,
Cain's Other Eye,2,Soy Milk,Cain's Other Eye,
Cambion Conception,4,Soy Milk,A Pound of Flesh,My Shadow,Cambion Conception,
Camo Undies,3,Soy Milk,8 Inch Nails,Camo Undies,
Cancer,4,Soy Milk,Gemini,Capricorn,Cancer,
Candy Heart,3,Soy Milk,Blood Puppy,Candy Heart,
Capricorn,3,Soy Milk,Gemini,Capricorn,
Car Battery,4,Soy Milk,Dessert,Battery Pack,Car Battery,
Card Reading,4,Soy Milk,Breakfast,Binge Eater,Card Reading,
Cat-O-Nine-Tails,4,Soy Milk,Pentagram,Eye of the Occult,Cat-O-Nine-Tails,
Celtic Cross,3,Soy Milk,Blood Puppy,Celtic Cross,
Censer,4,Soy Milk,Hungry Soul,Dad's Ring,Censer,
Ceremonial Robes,2,Soy Milk,Ceremonial Robes,
Champion Belt,3,Soy Milk,Ceremonial Robes,Champion Belt,
Chaos,4,Soy Milk,Dessert,Battery Pack,Chaos,
Charged Baby,2,Soy Milk,Charged Baby,
Charm of the Vampire,3,Soy Milk,Fruit Cake,Charm of the Vampire,
Chemical Peel,4,Soy Milk,Fruit Cake,Playdough Cookie,Chemical Peel,
Chocolate Milk,3,Soy Milk,Glaucoma,Chocolate Milk,
Circle of Protection,3,Soy Milk,Mom's Pearls,Circle of Protection,
Clear Rune,3,Soy Milk,Eden's Soul,Clear Rune,
Clicker,2,Soy Milk,Clicker,
Compost,3,Soy Milk,Sharp Key,Compost,
Compound Fracture,3,Soy Milk,Brittle Bones,Compound Fracture,
Cone Head,3,Soy Milk,Polydactyly,Cone Head,
Consolation Prize,3,Soy Milk,Dessert,Consolation Prize,
Contagion,3,Soy Milk,Acid Baby,Contagion,
Continuum,3,Soy Milk,Fruit Cake,Continuum,
Contract From Below,4,Soy Milk,Magic Scab,Trinity Shield,Contract From Below,
Converter,2,Soy Milk,Converter,
Coupon,3,Soy Milk,Eden's Soul,Coupon,
Crack Jacks,3,Soy Milk,Mom's Pearls,Crack Jacks,
Crack The Sky,2,Soy Milk,Crack The Sky,
Cracked Orb,3,Soy Milk,Blood Puppy,Cracked Orb,
Cricket's Body,3,Soy Milk,Sagittarius,Cricket's Body,
Cricket's Head,3,Soy Milk,Sagittarius,Cricket's Head,
Crooked Penny,2,Soy Milk,Crooked Penny,
Crown of Light,3,Soy Milk,Pentagram,Crown of Light,
Crystal Ball,3,Soy Milk,Broken Glass Cannon,Crystal Ball,
Cube Baby,4,Soy Milk,Bobby-Bomb,Finger!,Cube Baby,
Cube of Meat,3,Soy Milk,Twisted Pair,Cube of Meat,
Cupid's Arrow,2,Soy Milk,Cupid's Arrow,
Curse of The Tower,3,Soy Milk,Bobby-Bomb,Curse of The Tower,
Cursed Eye,3,Soy Milk,Proptosis,Cursed Eye,
D Infinity,3,Soy Milk,Urn of Souls,D Infinity,
D1,3,Soy Milk,Friend Finder,D1,
D10,3,Soy Milk,FLUSH!,D10,
D100,3,Soy Milk,Book of Secrets,D100,
D12,3,Soy Milk,Spindown Dice,D12,
D20,3,Soy Milk,Crooked Penny,D20,
D4,3,Soy Milk,Undefined,D4,
D7,3,Soy Milk,Doctor's Remote,D7,
D8,3,Soy Milk,Spindown Dice,D8,
Dad's Key,3,Soy Milk,Crooked Penny,Dad's Key,
Dad's Lost Coin,3,Soy Milk,A Pound of Flesh,Dad's Lost Coin,
Dad's Note,3,Soy Milk,Guardian Angel,Dad's Note,
Dad's Ring,3,Soy Milk,Hungry Soul,Dad's Ring,
Daddy Longlegs,3,Soy Milk,Pyro,Daddy Longlegs,
Damocles,3,Soy Milk,Keeper's Box,Damocles,
Dark Arts,3,Soy Milk,Keeper's Box,Dark Arts,
Dark Bum,3,Soy Milk,Hot Bombs,Dark Bum,
Dark Matter,3,Soy Milk,Ceremonial Robes,Dark Matter,
Dark Prince's Crown,3,Soy Milk,Twisted Pair,Dark Prince's Crown,
Dataminer,4,Soy Milk,Doctor's Remote,Clicker,Dataminer,
Dead Bird,3,Soy Milk,Bobby-Bomb,Dead Bird,
Dead Cat,3,Soy Milk,Breakfast,Dead Cat,
Dead Dove,3,Soy Milk,A Bar of Soap,Dead Dove,
Dead Eye,3,Soy Milk,Apple!,Dead Eye,
Dead Onion,4,Soy Milk,Ball of Tar,Iron Bar,Dead Onion,
Dead Sea Scrolls,3,Soy Milk,Doctor's Remote,Dead Sea Scrolls,
Dead Tooth,5,Soy Milk,8 Inch Nails,Large Zit,Shard of Glass,Dead Tooth,
Death Certificate,3,Soy Milk,Keeper's Box,Death Certificate,
Death's List,3,Soy Milk,A Pound of Flesh,Death's List,
Death's Touch,2,Soy Milk,Death's Touch,
Decap Attack,2,Soy Milk,Decap Attack,
Deck of Cards,2,Soy Milk,Deck of Cards,
Deep Pockets,3,Soy Milk,Hungry Soul,Deep Pockets,
Delirious,3,Soy Milk,Urn of Souls,Delirious,
Demon Baby,3,Soy Milk,Akeldama,Demon Baby,
Depression,2,Soy Milk,Depression,
Dessert,2,Soy Milk,Dessert,
Dinner,3,Soy Milk,Dessert,Dinner,
Diplopia,3,Soy Milk,Broken Glass Cannon,Diplopia,
Dirty Mind,4,Soy Milk,Mystery Egg,Sack of Pennies,Dirty Mind,
Distant Admiration,3,Soy Milk,Bobby-Bomb,Distant Admiration,
Divine Intervention,3,Soy Milk,Star of Bethlehem,Divine Intervention,
Divorce Papers,3,Soy Milk,Star of Bethlehem,Divorce Papers,
Doctor's Remote,2,Soy Milk,Doctor's Remote,
Dog Tooth,3,Soy Milk,No. 2,Dog Tooth,
Dogma,3,Soy Milk,Twisted Pair,Dogma,
Dr. Fetus,3,Soy Milk,Brittle Bones,Dr. Fetus,
Dream Catcher,3,Soy Milk,Charged Baby,Dream Catcher,
Dry Baby,4,Soy Milk,Big Fan,BBF,Dry Baby,
Duality,3,Soy Milk,Guardian Angel,Duality,
Dull Razor,3,Soy Milk,Keeper's Box,Dull Razor,
E. Coli,3,Soy Milk,Gemini,E. Coli,
Echo Chamber,4,Soy Milk,Guardian Angel,Athame,Echo Chamber,
Eden's Blessing,3,Soy Milk,Brittle Bones,Eden's Blessing,
Eden's Soul,2,Soy Milk,Eden's Soul,
Empty Heart,3,Soy Milk,Blood Puppy,Empty Heart,
Empty Vessel,3,Soy Milk,Hungry Soul,Empty Vessel,
Epic Fetus,3,Soy Milk,Technology Zero,Epic Fetus,
Epiphora,3,Soy Milk,8 Inch Nails,Epiphora,
Eraser,3,Soy Milk,Sharp Key,Eraser,
Esau Jr,3,Soy Milk,Mega Mush,Esau Jr,
Eternal D6,3,Soy Milk,Book of Revelations,Eternal D6,
Eucharist,4,Soy Milk,Guardian Angel,Salvation,Eucharist,
Euthanasia,4,Soy Milk,Akeldama,Abel,Euthanasia,
Eve's Mascara,2,Soy Milk,Eve's Mascara,
Everything Jar,3,Soy Milk,Friend Finder,Everything Jar,
Evil Charm,4,Soy Milk,Breakfast,Spear of Destiny,Evil Charm,
Evil Eye,2,Soy Milk,Evil Eye,
Experimental Treatment,3,Soy Milk,Samson's Chains,Experimental Treatment,
Explosivo,3,Soy Milk,8 Inch Nails,Explosivo,
Eye Drops,3,Soy Milk,A Bar of Soap,Eye Drops,
Eye of Belial,4,Soy Milk,Twisted Pair,Maw of The Void,Eye of Belial,
Eye of Greed,3,Soy Milk,Azazel's Rage,Eye of Greed,
Eye of the Occult,3,Soy Milk,Pentagram,Eye of the Occult,
Eye Sore,4,Soy Milk,Glaucoma,Almond Milk,Eye Sore,
False PHD,2,Soy Milk,False PHD,
Fanny pack,2,Soy Milk,Fanny pack,
Farting Baby,3,Soy Milk,Akeldama,Farting Baby,
Fast Bombs,3,Soy Milk,Blood Puppy,Fast Bombs,
Fate,3,Soy Milk,A Pound of Flesh,Fate,
Fate's Reward,2,Soy Milk,Fate's Reward,
Finger!,3,Soy Milk,Depression,Finger!,
Fire Mind,3,Soy Milk,Ball of Tar,Fire Mind,
Flat Stone,3,Soy Milk,Kidney Stone,Flat Stone,
Flip,3,Soy Milk,Keeper's Box,Flip,
FLUSH!,2,Soy Milk,FLUSH!,
Forever Alone,4,Soy Milk,Bobby-Bomb,Distant Admiration,Forever Alone,
Forget Me Now,3,Soy Milk,Book of Revelations,Forget Me Now,
Fortune Cookie,2,Soy Milk,Fortune Cookie,
Free Lemonade,3,Soy Milk,Crack The Sky,Free Lemonade,
Freezer Baby,3,Soy Milk,No. 2,Freezer Baby,
Friend Finder,2,Soy Milk,Friend Finder,
Friend Zone,4,Soy Milk,Bobby-Bomb,Mom's Razor,Friend Zone,
Friendly Ball,4,Soy Milk,Doctor's Remote,D7,Friendly Ball,
Fruit Cake,2,Soy Milk,Fruit Cake,
Fruity Plum,3,Soy Milk,Technology Zero,Fruity Plum,
GB Bug,2,Soy Milk,GB Bug,
Gello,3,Soy Milk,Sumptorium,Gello,
Gemini,2,Soy Milk,Gemini,
Genesis,3,Soy Milk,Eden's Soul,Genesis,
Ghost Baby,4,Soy Milk,My Reflection,Glaucoma,Ghost Baby,
Ghost Bombs,4,Soy Milk,GB Bug,Jaw Bone,Ghost Bombs,
Ghost Pepper,3,Soy Milk,Glaucoma,Ghost Pepper,
Giant Cell,4,Soy Milk,8 Inch Nails,Large Zit,Giant Cell,
Gimpy,3,Soy Milk,Juicy Sack,Gimpy,
Glass Cannon,2,Soy Milk,Glass Cannon,
Glass Eye,3,Soy Milk,A Bar of Soap,Glass Eye,
Glaucoma,2,Soy Milk,Glaucoma,
Glitched Crown,3,Soy Milk,A Pound of Flesh,Glitched Crown,
Glitter Bombs,3,Soy Milk,Acid Baby,Glitter Bombs,
Glowing Hourglass,4,Soy Milk,Doctor's Remote,Kidney Bean,Glowing Hourglass,
Glyph of Balance,4,Soy Milk,Hungry Soul,Deep Pockets,Glyph of Balance,
Gnawed Leaf,4,Soy Milk,Gemini,Thunder Thighs,Gnawed Leaf,
Goat Head,3,Soy Milk,Fanny pack,Goat Head,
God's Flesh,4,Soy Milk,8 Inch Nails,Epiphora,God's Flesh,
Godhead,2,Soy Milk,Godhead,
Golden Razor,3,Soy Milk,Decap Attack,Golden Razor,
Greed's Gullet,3,Soy Milk,A Pound of Flesh,Greed's Gullet,
Growth Hormones,3,Soy Milk,Pentagram,Growth Hormones,
Guardian Angel,2,Soy Milk,Guardian Angel,
Guppy's Collar,4,Soy Milk,Match Book,Broken Watch,Guppy's Collar,
Guppy's Eye,3,Soy Milk,Hungry Soul,Guppy's Eye,
Guppy's Hairball,3,Soy Milk,A Pound of Flesh,Guppy's Hairball,
Guppy's Head,2,Soy Milk,Guppy's Head,
Guppy's Paw,3,Soy Milk,Sharp Key,Guppy's Paw,
Guppy's Tail,4,Soy Milk,Mom's Pearls,Steam Sale,Guppy's Tail,
Habit,4,Soy Milk,Mom's Pearls,Steam Sale,Habit,
Haemolacria,4,Soy Milk,Akeldama,Mom's Contacts,Haemolacria,
Hallowed Ground,3,Soy Milk,Technology Zero,Hallowed Ground,
Halo of Flies,4,Soy Milk,Acid Baby,Roid Rage,Halo of Flies,
Harlequin Baby,5,Soy Milk,Apple!,Lil Loki,Boiled Baby,Harlequin Baby,
Head of Krampus,2,Soy Milk,Head of Krampus,
Head of the Keeper,3,Soy Milk,MEAT!,Head of the Keeper,
Headless Baby,3,Soy Milk,Big Fan,Headless Baby,
Heartbreak,3,Soy Milk,Twisted Pair,Heartbreak,
Hemoptysis,3,Soy Milk,Akeldama,Hemoptysis,
Hive Mind,3,Soy Milk,Starter Deck,Hive Mind,
Hold,3,Soy Milk,Urn of Souls,Hold,
Holy Grail,3,Soy Milk,Dessert,Holy Grail,
Holy Light!,3,Soy Milk,My Reflection,Holy Light!,
Holy Mantle,3,Soy Milk,Big Fan,Holy Mantle,
Holy Water,3,Soy Milk,Pyro,Holy Water,
Host Hat,3,Soy Milk,8 Inch Nails,Host Hat,
Hot Bombs,2,Soy Milk,Hot Bombs,
How To Jump,2,Soy Milk,How To Jump,
Humbleing Bundle,3,Soy Milk,Fanny pack,Humbleing Bundle,
Hungry Soul,2,Soy Milk,Hungry Soul,
Hushy,4,Soy Milk,Akeldama,Abel,Hushy,
Hypercoagulation,3,Soy Milk,Sacrificial Dagger,Hypercoagulation,
IBS,3,Soy Milk,Mystery Egg,IBS,
Immaculate Conception,3,Soy Milk,Guardian Angel,Immaculate Conception,
Immaculate Heart,4,Soy Milk,Pentagram,Eye of the Occult,Immaculate Heart,
Incubus,3,Soy Milk,Twisted Pair,Incubus,
Infamy,4,Soy Milk,Aries,Leech,Infamy,
Infestation,4,Soy Milk,Depression,Boom!,Infestation,
Infestation 2,3,Soy Milk,Gemini,Infestation 2,
Inner Child,3,Soy Milk,Hungry Soul,Inner Child,
Ipecac,3,Soy Milk,Brittle Bones,Ipecac,
Iron Bar,3,Soy Milk,Ball of Tar,Iron Bar,
Isaac's Heart,3,Soy Milk,Death's Touch,Isaac's Heart,
Isaac's Tears,2,Soy Milk,Isaac's Tears,
Isaac's Tomb,3,Soy Milk,Hungry Soul,Isaac's Tomb,
It Hurts,4,Soy Milk,8 Inch Nails,Ankh,It Hurts,
IV Bag,3,Soy Milk,Guppy's Head,IV Bag,
Jacob's Ladder,4,Soy Milk,Apple!,BackStabber,Jacob's Ladder,
Jar of Flies,3,Soy Milk,Guppy's Head,Jar of Flies,
Jar of Wisps,2,Soy Milk,Jar of Wisps,
Jaw Bone,2,Soy Milk,Jaw Bone,
Jesus Juice,3,Soy Milk,False PHD,Jesus Juice,
Judas' Shadow,3,Soy Milk,Abaddon,Judas' Shadow,
Juicy Sack,2,Soy Milk,Juicy Sack,
Jumper Cables,3,Soy Milk,Hungry Soul,Jumper Cables,
Jupiter,3,Soy Milk,Hungry Soul,Jupiter,
Kamikaze,4,Soy Milk,Mom's Bra,Anarchist Cookbook,Kamikaze,
Keeper's Box,2,Soy Milk,Keeper's Box,
Keeper's Kin,4,Soy Milk,Sacrificial Dagger,Hypercoagulation,Keeper's Kin,
Keeper's Sack,3,Soy Milk,Twisted Pair,Keeper's Sack,
Key Bum,4,Soy Milk,Blood Puppy,Rune Bag,Key Bum,
Key Piece 1,2,Soy Milk,Key Piece 1,
Key Piece 2,3,Soy Milk,Key Piece 1,Key Piece 2,
Kidney Bean,3,Soy Milk,Doctor's Remote,Kidney Bean,
Kidney Stone,2,Soy Milk,Kidney Stone,
King Baby,3,Soy Milk,A Pound of Flesh,King Baby,
Knife Piece 1,3,Soy Milk,A Pound of Flesh,Knife Piece 1,
Knife Piece 2,4,Soy Milk,A Pound of Flesh,Knife Piece 1,Knife Piece 2,
Knockout Drops,3,Soy Milk,Cupid's Arrow,Knockout Drops,
Lachryphagy,2,Soy Milk,Lachryphagy,
Large Zit,3,Soy Milk,8 Inch Nails,Large Zit,
Larynx,2,Soy Milk,Larynx,
Latch Key,4,Soy Milk,Fanny pack,A Snack,Latch Key,
Lazarus' Rags,3,Soy Milk,The Soul,Lazarus' Rags,
Lead Pencil,4,Soy Milk,Apple!,Camo Undies,Lead Pencil,
Leech,3,Soy Milk,Aries,Leech,
Lemegeton,3,Soy Milk,Urn of Souls,Lemegeton,
Lemon Mishap,3,Soy Milk,Clicker,Lemon Mishap,
Leo,4,Soy Milk,Gemini,Libra,Leo,
Leprosy,3,Soy Milk,Mystery Egg,Leprosy,
Libra,3,Soy Milk,Gemini,Libra,
Lil Abaddon,3,Soy Milk,Hungry Soul,Lil Abaddon,
Lil Brimstone,4,Soy Milk,Ball of Tar,Fire Mind,Lil Brimstone,
Lil Chest,3,Soy Milk,Sacrificial Dagger,Lil Chest,
Lil Delirium,3,Soy Milk,Guardian Angel,Lil Delirium,
Lil Dumpy,4,Soy Milk,Apple!,Blood of the Martyr,Lil Dumpy,
Lil Gurdy,4,Soy Milk,Bobby-Bomb,Finger!,Lil Gurdy,
Lil Haunt,4,Soy Milk,Big Fan,Headless Baby,Lil Haunt,
Lil Loki,3,Soy Milk,Apple!,Lil Loki,
Lil Monstro,3,Soy Milk,Cupid's Arrow,Lil Monstro,
Lil Portal,3,Soy Milk,Jaw Bone,Lil Portal,
Lil Spewer,3,Soy Milk,Blood Puppy,Lil Spewer,
Linger Bean,4,Soy Milk,Apple!,Bloodshot Eye,Linger Bean,
Little Baggy,2,Soy Milk,Little Baggy,
Little C.H.A.D,3,Soy Milk,Sacrificial Dagger,Little C.H.A.D,
Little Chubby,4,Soy Milk,GB Bug,Angry Fly,Little Chubby,
Little Gish,3,Soy Milk,Akeldama,Little Gish,
Little Horn,3,Soy Milk,Pentagram,Little Horn,
Little Steven,3,Soy Milk,Evil Eye,Little Steven,
Lodestone,4,Soy Milk,Cupid's Arrow,Analog Stick,Lodestone,
Loki's Horns,3,Soy Milk,Akeldama,Loki's Horns,
Lord of the Pit,4,Soy Milk,Dessert,A Dollar,Lord of the Pit,
Lost Contact,2,Soy Milk,Lost Contact,
Lost Fly,3,Soy Milk,Bomber Boy,Lost Fly,
Lost Soul,5,Soy Milk,GB Bug,Jaw Bone,Ghost Bombs,Lost Soul,
Lucky Foot,4,Soy Milk,Acid Baby,Glitter Bombs,Lucky Foot,
Luna,3,Soy Milk,Twisted Pair,Luna,
Lunch,4,Soy Milk,Dessert,Dinner,Lunch,
Lusty Blood,3,Soy Milk,Akeldama,Lusty Blood,
Maggy's Bow,2,Soy Milk,Maggy's Bow,
Magic 8 Ball,3,Soy Milk,Breakfast,Magic 8 Ball,
Magic Fingers,3,Soy Milk,FLUSH!,Magic Fingers,
Magic Mushroom,4,Soy Milk,Pyro,Magneto,Magic Mushroom,
Magic Scab,2,Soy Milk,Magic Scab,
Magic Skin,3,Soy Milk,A Pony,Magic Skin,
Magneto,3,Soy Milk,Pyro,Magneto,
MaMa Mega!,3,Soy Milk,Sharp Key,MaMa Mega!,
Marbles,3,Soy Milk,Hungry Soul,Marbles,
Marked,3,Soy Milk,Apple!,Marked,
Marrow,3,Soy Milk,Guardian Angel,Marrow,
Mars,4,Soy Milk,Twisted Pair,Luna,Mars,
Match Book,2,Soy Milk,Match Book,
Maw of The Void,3,Soy Milk,Twisted Pair,Maw of The Void,
Meat Cleaver,3,Soy Milk,Black Hole,Meat Cleaver,
MEAT!,2,Soy Milk,MEAT!,
Mega Bean,3,Soy Milk,Clicker,Mega Bean,
Mega Blast,2,Soy Milk,Mega Blast,
Mega Mush,2,Soy Milk,Mega Mush,
Member Card,4,Soy Milk,Hungry Soul,Jupiter,Member Card,
Mercurius,5,Soy Milk,Hungry Soul,Jupiter,Venus,Mercurius,
Metal Plate,3,Soy Milk,Depression,Metal Plate,
Metronome,4,Soy Milk,Spindown Dice,D12,Metronome,
Midas Touch,3,Soy Milk,Gemini,Midas Touch,
Midnight Snack,3,Soy Milk,Dessert,Midnight Snack,
Milk!,2,Soy Milk,Milk!,
Mine Crafter,3,Soy Milk,Doctor's Remote,Mine Crafter,
Mini Mush,3,Soy Milk,Bomber Boy,Mini Mush,
Missing No,3,Soy Milk,Little Baggy,Missing No,
Missing Page 2,3,Soy Milk,Fanny pack,Missing Page 2,
Mitre,4,Soy Milk,Pyro,Daddy Longlegs,Mitre,
Mom's Bottle of Pills,5,Soy Milk,Mom's Bra,My Little Unicorn,Monster Manual,Mom's Bottle of Pills,
Mom's Box,2,Soy Milk,Mom's Box,
Mom's Bra,2,Soy Milk,Mom's Bra,
Mom's Bracelet,4,Soy Milk,Sharp Key,Eraser,Mom's Bracelet,
Mom's Coin Purse,4,Soy Milk,Dessert,Box,Mom's Coin Purse,
Mom's Contacts,3,Soy Milk,Akeldama,Mom's Contacts,
Mom's Eye,3,Soy Milk,My Reflection,Mom's Eye,
Mom's Eyeshadow,4,Soy Milk,Sagittarius,Anti-Gravity,Mom's Eyeshadow,
Mom's Heels,3,Soy Milk,Dessert,Mom's Heels,
Mom's Key,3,Soy Milk,Fanny pack,Mom's Key,
Mom's Knife,4,Soy Milk,Akeldama,Abel,Mom's Knife,
Mom's Lipstick,4,Soy Milk,Dessert,Mom's Heels,Mom's Lipstick,
Mom's Pad,3,Soy Milk,Mom's Bra,Mom's Pad,
Mom's Pearls,2,Soy Milk,Mom's Pearls,
Mom's Perfume,3,Soy Milk,Lost Contact,Mom's Perfume,
Mom's Purse,4,Soy Milk,Charged Baby,Dream Catcher,Mom's Purse,
Mom's Razor,3,Soy Milk,Bobby-Bomb,Mom's Razor,
Mom's Ring,3,Soy Milk,Pentagram,Mom's Ring,
Mom's Shovel,4,Soy Milk,Keeper's Box,Broken Shovel (2),Mom's Shovel,
Mom's Underwear,4,Soy Milk,Dessert,Mom's Heels,Mom's Underwear,
Mom's Wig,5,Soy Milk,Ball of Tar,Iron Bar,Dead Onion,Mom's Wig,
Money = Power,3,Soy Milk,Apple!,Money = Power,
Mongo Baby,4,Soy Milk,Ball of Tar,Iron Bar,Mongo Baby,
Monster Manual,4,Soy Milk,Mom's Bra,My Little Unicorn,Monster Manual,
Monstrance,3,Soy Milk,Dessert,Monstrance,
Monstro's Lung,4,Soy Milk,Ball of Tar,Iron Bar,Monstro's Lung,
Monstro's Tooth,2,Soy Milk,Monstro's Tooth,
Montezuma's Revenge,3,Soy Milk,Kidney Stone,Montezuma's Revenge,
More Options,4,Soy Milk,A Pound of Flesh,Broken Modem,More Options,
Moving Box,3,Soy Milk,Keeper's Box,Moving Box,
Mr. Boom,3,Soy Milk,Doctor's Remote,Mr. Boom,
Mr. Dolly,4,Soy Milk,Pentagram,Little Horn,Mr. Dolly,
Mr. ME!,3,Soy Milk,Keeper's Box,Mr. ME!,
Mr. Mega,3,Soy Milk,Sacrificial Dagger,Mr. Mega,
Mucormycosis,4,Soy Milk,8 Inch Nails,Camo Undies,Mucormycosis,
Multidimensional Baby,4,Soy Milk,Cupid's Arrow,Knockout Drops,Multidimensional Baby,
Mutant Spider,5,Soy Milk,Apple!,8 Inch Nails,Bird's Eye,Mutant Spider,
My Little Unicorn,3,Soy Milk,Crack The Sky,My Little Unicorn,
My Reflection,2,Soy Milk,My Reflection,
My Shadow,3,Soy Milk,A Pound of Flesh,My Shadow,
Mysterious Liquid,3,Soy Milk,The Ludovico Technique,Mysterious Liquid,
Mystery Egg,2,Soy Milk,Mystery Egg,
Mystery Gift,3,Soy Milk,Keeper's Box,Mystery Gift,
Mystery Sack,3,Soy Milk,Maggy's Bow,Mystery Sack,
Nancy Bombs,3,Soy Milk,Bobby-Bomb,Nancy Bombs,
Neptunus,3,Soy Milk,Twisted Pair,Neptunus,
Night Light,4,Soy Milk,Breakfast,Spear of Destiny,Night Light,
No. 2,2,Soy Milk,No. 2,
Notched Axe,4,Soy Milk,Broken Glass Cannon,The Bible,Notched Axe,
Number One,4,Soy Milk,Fruit Cake,Sulfuric Acid,Number One,
Obsessed Fan,3,Soy Milk,Bobby-Bomb,Obsessed Fan,
Ocular Rift,3,Soy Milk,MEAT!,Ocular Rift,
Odd Mushroom (Large),3,Soy Milk,Acid Baby,Odd Mushroom (Large),
Odd Mushroom (Thin),4,Soy Milk,Cupid's Arrow,Charm of the Vampire,Odd Mushroom (Thin),
Old Bandage,3,Soy Milk,Starter Deck,Old Bandage,
Options?,4,Soy Milk,Hungry Soul,Isaac's Tomb,Options?,
Orphan Socks,3,Soy Milk,Mom's Pearls,Orphan Socks,
Ouija Board,3,Soy Milk,Cupid's Arrow,Ouija Board,
Pageant Boy,3,Soy Milk,Dessert,Pageant Boy,
Pandora's Box,2,Soy Milk,Pandora's Box,
Papa Fly,4,Soy Milk,Apple!,Epiphora,Papa Fly,
Parasitoid,4,Soy Milk,Glaucoma,Ghost Pepper,Parasitoid,
Paschal Candle,4,Soy Milk,A Bar of Soap,Act of Contrition,Paschal Candle,
Pause,3,Soy Milk,Doctor's Remote,Pause,
Pay To Play,3,Soy Milk,Charged Baby,Pay To Play,
Pentagram,2,Soy Milk,Pentagram,
PhD,4,Soy Milk,Bomber Boy,Mini Mush,PhD,
Piggy Bank,5,Soy Milk,Hot Bombs,Sissy Long Legs,Anemic,Piggy Bank,
Pinking Shears,2,Soy Milk,Pinking Shears,
Pisces,4,Soy Milk,Ball of Tar,Fire Mind,Pisces,
PJs,3,Soy Milk,Charged Baby,PJs,
Placebo,3,Soy Milk,Sharp Key,Placebo,
Placenta,3,Soy Milk,Magic Scab,Placenta,
Plan C,3,Soy Milk,Keeper's Box,Plan C,
Playdough Cookie,3,Soy Milk,Fruit Cake,Playdough Cookie,
Plum Flute,3,Soy Milk,Book of Revelations,Plum Flute,
Pluto,4,Soy Milk,Twisted Pair,Luna,Pluto,
Pointy Rib,3,Soy Milk,Jaw Bone,Pointy Rib,
Poke Go,3,Soy Milk,Charged Baby,Poke Go,
Polydactyly,2,Soy Milk,Polydactyly,
Polyphemus,5,Soy Milk,Glaucoma,The Wiz,The Inner Eye,Polyphemus,
Pop!,3,Soy Milk,Brittle Bones,Pop!,
Portable Slot,3,Soy Milk,Broken Glass Cannon,Portable Slot,
Potato Peeler,2,Soy Milk,Potato Peeler,
Prayer Card,4,Soy Milk,Mom's Bra,Crack The Sky,Prayer Card,
Proptosis,2,Soy Milk,Proptosis,
Psy Fly,3,Soy Milk,Bobby-Bomb,Psy Fly,
Punching Bag,4,Soy Milk,Hot Bombs,Sissy Long Legs,Punching Bag,
Pupula Duplex,3,Soy Milk,No. 2,Pupula Duplex,
Purgatory,4,Soy Milk,Guardian Angel,Lil Delirium,Purgatory,
Purity,3,Soy Milk,GB Bug,Purity,
Pyro,2,Soy Milk,Pyro,
Pyromaniac,4,Soy Milk,Gemini,Infestation 2,Pyromaniac,
Quints,5,Soy Milk,Cupid's Arrow,Knockout Drops,Lodestone,Quints,
R Key,4,Soy Milk,Broken Glass Cannon,The Bible,R Key,
Rainbow Baby,7,Soy Milk,Apple!,Lil Loki,Boiled Baby,Robo-Baby,Harlequin Baby,Rainbow Baby,
Raw Liver,3,Soy Milk,Charged Baby,Raw Liver,
Razor Blade,3,Soy Milk,Sumptorium,Razor Blade,
Recall,3,Soy Milk,Urn of Souls,Recall,
Red Candle,2,Soy Milk,Red Candle,
Red Key,3,Soy Milk,Keeper's Box,Red Key,
Red Stew,3,Soy Milk,Azazel's Rage,Red Stew,
Redemption,3,Soy Milk,Buddy in a Box,Redemption,
Remote Detonator,3,Soy Milk,Doctor's Remote,Remote Detonator,
Restock,3,Soy Milk,Charged Baby,Restock,
Revelation,3,Soy Milk,Star of Bethlehem,Revelation,
Robo-Baby,5,Soy Milk,Apple!,Lil Loki,Boiled Baby,Robo-Baby,
Robo-Baby 2.0,3,Soy Milk,Death's Touch,Robo-Baby 2.0,
Rock Bottom,3,Soy Milk,A Pound of Flesh,Rock Bottom,
Rocket in a Jar,4,Soy Milk,Pyro,Scatter Bombs,Rocket in a Jar,
Roid Rage,3,Soy Milk,Acid Baby,Roid Rage,
Rosary,3,Soy Milk,Cupid's Arrow,Rosary,
Rotten Baby,3,Soy Milk,Hot Bombs,Rotten Baby,
Rotten Meat,3,Soy Milk,Breakfast,Rotten Meat,
Rotten Tomato,5,Soy Milk,Cupid's Arrow,Knockout Drops,Lodestone,Rotten Tomato,
Rubber Cement,3,Soy Milk,Eve's Mascara,Rubber Cement,
Rune Bag,3,Soy Milk,Blood Puppy,Rune Bag,
Sack Head,3,Soy Milk,Dessert,Sack Head,
Sack of Pennies,3,Soy Milk,Mystery Egg,Sack of Pennies,
Sack of Sacks,4,Soy Milk,Hungry Soul,Dad's Ring,Sack of Sacks,
Sacred Heart,3,Soy Milk,Pentagram,Sacred Heart,
Sacred Orb,3,Soy Milk,Guardian Angel,Sacred Orb,
Sacrificial Altar,3,Soy Milk,Keeper's Box,Sacrificial Altar,
Sacrificial Dagger,2,Soy Milk,Sacrificial Dagger,
Sad Bombs,6,Soy Milk,Ball of Tar,Fire Mind,Lil Brimstone,Pisces,Sad Bombs,
Safety Pin,3,Soy Milk,Fanny pack,Safety Pin,
Sagittarius,2,Soy Milk,Sagittarius,
Salvation,3,Soy Milk,Guardian Angel,Salvation,
Samson's Chains,2,Soy Milk,Samson's Chains,
Sanguine Bond,3,Soy Milk,Star of Bethlehem,Sanguine Bond,
Satanic Bible,3,Soy Milk,Book of Secrets,Satanic Bible,
Saturnus,3,Soy Milk,Azazel's Rage,Saturnus,
Sausage,3,Soy Milk,Breakfast,Sausage,
Scapular,5,Soy Milk,Bomber Boy,Mini Mush,120 Volt,Scapular,
Scatter Bombs,3,Soy Milk,Pyro,Scatter Bombs,
Schoolbag,3,Soy Milk,A Pound of Flesh,Schoolbag,
Scissors,2,Soy Milk,Scissors,
Scorpio,3,Soy Milk,Sagittarius,Scorpio,
Screw,3,Soy Milk,Blood Clot,Screw,
Seraphim,4,Soy Milk,My Reflection,Holy Light!,Seraphim,
Serpent's Kiss,3,Soy Milk,Kidney Stone,Serpent's Kiss,
Shade,3,Soy Milk,Guardian Angel,Shade,
Shard of Glass,4,Soy Milk,8 Inch Nails,Large Zit,Shard of Glass,
Sharp Key,2,Soy Milk,Sharp Key,
Sharp Plug,4,Soy Milk,Starter Deck,Hive Mind,Sharp Plug,
Sharp Straw,3,Soy Milk,Fortune Cookie,Sharp Straw,
Shoop Da Whoop!,2,Soy Milk,Shoop Da Whoop!,
Sinus Infection,4,Soy Milk,8 Inch Nails,Camo Undies,Sinus Infection,
Sissy Long Legs,3,Soy Milk,Hot Bombs,Sissy Long Legs,
Sister Maggy,4,Soy Milk,Apple!,Lil Loki,Sister Maggy,
Skatole,4,Soy Milk,Dessert,A Dollar,Skatole,
Skeleton Key,4,Soy Milk,Acid Baby,Roid Rage,Skeleton Key,
Slipped Rib,3,Soy Milk,Jaw Bone,Slipped Rib,
Smart Fly,3,Soy Milk,Big Fan,Smart Fly,
SMB Super Fan,4,Soy Milk,Blood Puppy,Leprosy,SMB Super Fan,
Smelter,3,Soy Milk,Eden's Soul,Smelter,
Sol,3,Soy Milk,Azazel's Rage,Sol,
Soul Locket,4,Soy Milk,A Pound of Flesh,Spirit Shackles,Soul Locket,
Soy Milk,1,Soy Milk,
Spear of Destiny,3,Soy Milk,Breakfast,Spear of Destiny,
Speed Ball,4,Soy Milk,Bomber Boy,Mini Mush,Speed Ball,
Spelunker Hat,4,Soy Milk,Acid Baby,Odd Mushroom (Large),Spelunker Hat,
Spider Bite,3,Soy Milk,Cupid's Arrow,Spider Bite,
Spider Butt,3,Soy Milk,Crack The Sky,Spider Butt,
Spider Mod,3,Soy Milk,Dessert,Spider Mod,
Spiderbaby,4,Soy Milk,Gemini,Cancer,Spiderbaby,
Spin to Win,4,Soy Milk,Doctor's Remote,Pause,Spin to Win,
Spindown Dice,2,Soy Milk,Spindown Dice,
Spirit of the Night,3,Soy Milk,Pentagram,Spirit of the Night,
Spirit Shackles,3,Soy Milk,A Pound of Flesh,Spirit Shackles,
Spirit Sword,3,Soy Milk,Twisted Pair,Spirit Sword,
Spoon Bender,4,Soy Milk,Apple!,8 Inch Nails,Spoon Bender,
Sprinkler,3,Soy Milk,Mega Mush,Sprinkler,
Squeezy,4,Soy Milk,A Bar of Soap,Binky,Squeezy,
Stapler,3,Soy Milk,Pentagram,Stapler,
Star of Bethlehem,2,Soy Milk,Star of Bethlehem,
Starter Deck,2,Soy Milk,Starter Deck,
Steam Sale,3,Soy Milk,Mom's Pearls,Steam Sale,
Stem Cells,4,Soy Milk,Bobby-Bomb,Finger!,Stem Cells,
Steven,3,Soy Milk,Star of Bethlehem,Steven,
StickyBombs,4,Soy Milk,Pyro,Scatter Bombs,StickyBombs,
Stigmata,3,Soy Milk,Cupid's Arrow,Stigmata,
Stitches,3,Soy Milk,Doctor's Remote,Stitches,
Stop Watch,3,Soy Milk,Little Baggy,Stop Watch,
Strange Attractor,3,Soy Milk,Sagittarius,Strange Attractor,
Strawman,4,Soy Milk,A Pound of Flesh,Spirit Shackles,Strawman,
Stye,3,Soy Milk,MEAT!,Stye,
Succubus,3,Soy Milk,Twisted Pair,Succubus,
Sulfur,3,Soy Milk,Potato Peeler,Sulfur,
Sulfuric Acid,3,Soy Milk,Fruit Cake,Sulfuric Acid,
Sumptorium,3,Soy Milk,Decap Attack,Sumptorium,
Super Bandage,3,Soy Milk,Sacrificial Dagger,Super Bandage,
Suplex!,3,Soy Milk,Spindown Dice,Suplex!,
Supper,3,Soy Milk,Dessert,Supper,
Sworn Protector,3,Soy Milk,7 Seals,Sworn Protector,
Synthoil,3,Soy Milk,Torn Photo,Synthoil,
Tammy's Head,3,Soy Milk,Glass Cannon,Tammy's Head,
Tarot Cloth,3,Soy Milk,Charged Baby,Tarot Cloth,
Taurus,3,Soy Milk,Gemini,Taurus,
Tear Detonator,3,Soy Milk,Wavy Cap,Tear Detonator,
Tech X,4,Soy Milk,Apple!,Lil Loki,Tech X,
Tech.5,3,Soy Milk,Death's Touch,Tech.5,
Technology,3,Soy Milk,My Reflection,Technology,
Technology 2,3,Soy Milk,Cupid's Arrow,Technology 2,
Technology Zero,2,Soy Milk,Technology Zero,
Telekinesis,3,Soy Milk,Black Hole,Telekinesis,
Telepathy for Dummies,4,Soy Milk,Glass Cannon,Tammy's Head,Telepathy for Dummies,
Teleport,3,Soy Milk,Doctor's Remote,Teleport,
Teleport 2.0,4,Soy Milk,Doctor's Remote,Pause,Teleport 2.0,
Terra,4,Soy Milk,Twisted Pair,Neptunus,Terra,
The Battery,4,Soy Milk,Charged Baby,9 Volt,The Battery,
The Bean,2,Soy Milk,The Bean,
The Belt,3,Soy Milk,Dessert,The Belt,
The Bible,3,Soy Milk,Broken Glass Cannon,The Bible,
The Black Bean,3,Soy Milk,Apple!,The Black Bean,
The Body,3,Soy Milk,The Soul,The Body,
The Book of Belial,2,Soy Milk,The Book of Belial,
The Book of Sin,4,Soy Milk,Book of Revelations,The Gamekid,The Book of Sin,
The Candle,3,Soy Milk,A Pony,The Candle,
The Common Cold,4,Soy Milk,8 Inch Nails,Large Zit,The Common Cold,
The Compass,4,Soy Milk,Dessert,Mom's Heels,The Compass,
The D6,3,Soy Milk,Spindown Dice,The D6,
The Gamekid,3,Soy Milk,Book of Revelations,The Gamekid,
The Guillotine,2,Soy Milk,The Guillotine,
The Halo,3,Soy Milk,Blood Puppy,The Halo,
The Hourglass,3,Soy Milk,Mom's Bra,The Hourglass,
The Inner Eye,4,Soy Milk,Glaucoma,The Wiz,The Inner Eye,
The Intruder,6,Soy Milk,Cupid's Arrow,Knockout Drops,Lodestone,Quints,The Intruder,
The Jar,3,Soy Milk,Boomerang,The Jar,
The Ladder,3,Soy Milk,Dessert,The Ladder,
The Ludovico Technique,2,Soy Milk,The Ludovico Technique,
The Mark,3,Soy Milk,Pentagram,The Mark,
The Mind,3,Soy Milk,The Soul,The Mind,
The Mulligan,4,Soy Milk,8 Inch Nails,Camo Undies,The Mulligan,
The Nail,2,Soy Milk,The Nail,
The Necronomicon,3,Soy Milk,Urn of Souls,The Necronomicon,
The Negative,2,Soy Milk,The Negative,
The Pact,3,Soy Milk,A Bar of Soap,The Pact,
The Parasite,3,Soy Milk,Lachryphagy,The Parasite,
The Peeper,4,Soy Milk,No. 2,Freezer Baby,The Peeper,
The Polaroid,2,Soy Milk,The Polaroid,
The Poop,3,Soy Milk,The Bean,The Poop,
The Relic,4,Soy Milk,Blood Puppy,Rune Bag,The Relic,
The Sad Onion,3,Soy Milk,My Reflection,The Sad Onion,
The Scooper,2,Soy Milk,The Scooper,
The Small Rock,3,Soy Milk,Twisted Pair,The Small Rock,
The Soul,2,Soy Milk,The Soul,
The Stairway,4,Soy Milk,Guardian Angel,Salvation,The Stairway,
The Swarm,4,Soy Milk,Sacrificial Dagger,Lil Chest,The Swarm,
The Virus,3,Soy Milk,Acid Baby,The Virus,
The Wafer,3,Soy Milk,Bobby-Bomb,The Wafer,
The Wiz,3,Soy Milk,Glaucoma,The Wiz,
There's Options,3,Soy Milk,Little Baggy,There's Options,
Thunder Thighs,3,Soy Milk,Gemini,Thunder Thighs,
Tiny Planet,3,Soy Milk,Sagittarius,Tiny Planet,
Tinytoma,3,Soy Milk,Blood Puppy,Tinytoma,
TMTRAINER,3,Soy Milk,A Pound of Flesh,TMTRAINER,
Tooth and Nail,3,Soy Milk,Polydactyly,Tooth and Nail,
Toothpicks,3,Soy Milk,Pentagram,Toothpicks,
Torn Photo,2,Soy Milk,Torn Photo,
Tough Love,3,Soy Milk,8 Inch Nails,Tough Love,
Toxic Shock,3,Soy Milk,Depression,Toxic Shock,
Tractor Beam,5,Soy Milk,Apple!,8 Inch Nails,Host Hat,Tractor Beam,
Transcendence,4,Soy Milk,Hungry Soul,Blanket,Transcendence,
Treasure Map,4,Soy Milk,Dessert,The Belt,Treasure Map,
Trinity Shield,3,Soy Milk,Magic Scab,Trinity Shield,
Trisagion,4,Soy Milk,Star of Bethlehem,Angelic Prism,Trisagion,
Tropicamide,3,Soy Milk,A Bar of Soap,Tropicamide,
Twisted Pair,2,Soy Milk,Twisted Pair,
Undefined,2,Soy Milk,Undefined,
Unicorn Stump,2,Soy Milk,Unicorn Stump,
Uranus,5,Soy Milk,Twisted Pair,Neptunus,Terra,Uranus,
Urn of Souls,2,Soy Milk,Urn of Souls,
Vade Retro,3,Soy Milk,Urn of Souls,Vade Retro,
Vanishing Twin,3,Soy Milk,Guardian Angel,Vanishing Twin,
Varicose Veins,3,Soy Milk,Apple!,Varicose Veins,
Vasculitis,4,Soy Milk,Apple!,Marked,Vasculitis,
Vengeful Spirit,3,Soy Milk,Twisted Pair,Vengeful Spirit,
Ventricle Razor,3,Soy Milk,Sharp Key,Ventricle Razor,
Venus,4,Soy Milk,Hungry Soul,Jupiter,Venus,
Virgo,4,Soy Milk,Aries,Aquarius,Virgo,
Void,3,Soy Milk,Keeper's Box,Void,
Voodoo Head,4,Soy Milk,Charged Baby,Tarot Cloth,Voodoo Head,
Wait What?,3,Soy Milk,Glass Cannon,Wait What?,
Wavy Cap,2,Soy Milk,Wavy Cap,
We Need To Go Deeper,3,Soy Milk,Mom's Box,We Need To Go Deeper,
White Pony,3,Soy Milk,Urn of Souls,White Pony,
Whore of Babylon,3,Soy Milk,MEAT!,Whore of Babylon,
Wire Coat Hanger,3,Soy Milk,Twisted Pair,Wire Coat Hanger,
Wooden Nickel,3,Soy Milk,Keeper's Box,Wooden Nickel,
Wooden Spoon,4,Soy Milk,Dessert,The Belt,Wooden Spoon,
Worm Friend,3,Soy Milk,Blood Puppy,Worm Friend,
X-Ray Vision,2,Soy Milk,X-Ray Vision,
YO LISTEN!,4,Soy Milk,Acid Baby,Contagion,YO LISTEN!,
Yuck Heart,4,Soy Milk,Spindown Dice,Suplex!,Yuck Heart,
Yum Heart,4,Soy Milk,Doctor's Remote,Dead Sea Scrolls,Yum Heart,
Zodiac,3,Soy Milk,Jaw Bone,Zodiac,
