???'s Only Friend,4,Almond Milk,Jaw Bone,GB Bug,???'s Only Friend,
<3,4,Almond Milk,Dead Bird,Halo of Flies,<3,
120 Volt,2,Almond Milk,120 Volt,
1UP,5,Almond Milk,Starter Deck,Crack Jacks,Guppy's Tail,1UP,
20/20,3,Almond Milk,Iron Bar,20/20,
2Spooky,2,Almond Milk,2Spooky,
3 Dollar Bill,4,Almond Milk,Iron Bar,Number One,3 Dollar Bill,
4.5 Volt,2,Almond Milk,4.5 Volt,
7 Seals,2,Almond Milk,7 Seals,
8 Inch Nails,3,Almond Milk,Iron Bar,8 Inch Nails,
9 Volt,3,Almond Milk,Starter Deck,9 Volt,
A Bar of Soap,2,Almond Milk,A Bar of Soap,
A Dollar,3,Almond Milk,Pay To Play,A Dollar,
A Lump of Coal,3,Almond Milk,Pentagram,A Lump of Coal,
A Pony,3,Almond Milk,Void,A Pony,
A Pound of Flesh,2,Almond Milk,A Pound of Flesh,
A Quarter,3,Almond Milk,Jumper Cables,A Quarter,
A Snack,3,Almond Milk,Dessert,A Snack,
Abaddon,2,Almond Milk,Abaddon,
Abel,3,Almond Milk,Cain's Other Eye,Abel,
Abyss,3,Almond Milk,Flip,Abyss,
Acid Baby,3,Almond Milk,Juicy Sack,Acid Baby,
Act of Contrition,3,Almond Milk,A Bar of Soap,Act of Contrition,
Adrenaline,3,Almond Milk,Bumbo,Adrenaline,
Akeldama,2,Almond Milk,Akeldama,
Alabaster Box,3,Almond Milk,Keeper's Box,Alabaster Box,
Almond Milk,1,Almond Milk,
Analog Stick,2,Almond Milk,Analog Stick,
Anarchist Cookbook,3,Almond Milk,Mom's Bra,Anarchist Cookbook,
Anemic,3,Almond Milk,Friend Zone,Anemic,
Angelic Prism,2,Almond Milk,Angelic Prism,
Angry Fly,3,Almond Milk,Jaw Bone,Angry Fly,
Anima Sola,2,Almond Milk,Anima Sola,
Ankh,4,Almond Milk,Iron Bar,8 Inch Nails,Ankh,
Anti-Gravity,4,Almond Milk,Shard of Glass,Epiphora,Anti-Gravity,
Apple!,3,Almond Milk,Analog Stick,Apple!,
Aquarius,4,Almond Milk,Virgo,Aries,Aquarius,
Aries,3,Almond Milk,Virgo,Aries,
Astral Projection,3,Almond Milk,Ghost Bombs,Astral Projection,
Athame,3,Almond Milk,7 Seals,Athame,
Azazel's Rage,3,Almond Milk,Heartbreak,Azazel's Rage,
BackStabber,4,Almond Milk,Analog Stick,Apple!,BackStabber,
Bag of Crafting,3,Almond Milk,Meat Cleaver,Bag of Crafting,
Ball of Bandages,2,Almond Milk,Ball of Bandages,
Ball of Tar,3,Almond Milk,Iron Bar,Ball of Tar,
Battery Pack,3,Almond Milk,4.5 Volt,Battery Pack,
BBF,3,Almond Milk,Juicy Sack,BBF,
Belly Button,2,Almond Milk,Belly Button,
Berserk!,3,Almond Milk,Jar of Wisps,Berserk!,
Best Bud,3,Almond Milk,Juicy Sack,Best Bud,
Best Friend,4,Almond Milk,Clicker,Remote Detonator,Best Friend,
Betrayal,3,Almond Milk,Jaw Bone,Betrayal,
BFFS!,3,Almond Milk,Pay To Play,BFFS!,
Big Chubby,4,Almond Milk,Big Fan,Lil Gurdy,Big Chubby,
Big Fan,2,Almond Milk,Big Fan,
Binge Eater,2,Almond Milk,Binge Eater,
Binky,3,Almond Milk,Squeezy,Binky,
Bird Cage,2,Almond Milk,Bird Cage,
Bird's Eye,3,Almond Milk,Knockout Drops,Bird's Eye,
Birthright,3,Almond Milk,Isaac's Tomb,Birthright,
Black Candle,3,Almond Milk,Jumper Cables,Black Candle,
Black Hole,2,Almond Milk,Black Hole,
Black Lotus,4,Almond Milk,Pay To Play,Placenta,Black Lotus,
Black Powder,3,Almond Milk,Pay To Play,Black Powder,
Blank Card,3,Almond Milk,Coupon,Blank Card,
Blanket,3,Almond Milk,7 Seals,Blanket,
Blood Bag,3,Almond Milk,Jumper Cables,Blood Bag,
Blood Bombs,2,Almond Milk,Blood Bombs,
Blood Clot,3,Almond Milk,Pentagram,Blood Clot,
Blood Oath,2,Almond Milk,Blood Oath,
Blood of the Martyr,4,Almond Milk,Proptosis,Chocolate Milk,Blood of the Martyr,
Blood Puppy,2,Almond Milk,Blood Puppy,
Blood Rights,3,Almond Milk,Book of the Dead,Blood Rights,
Bloodshot Eye,3,Almond Milk,Bumbo,Bloodshot Eye,
Bloody Gust,2,Almond Milk,Bloody Gust,
Bloody Lust,3,Almond Milk,Isaac's Heart,Bloody Lust,
Blue Cap,3,Almond Milk,Squeezy,Blue Cap,
Blue Map,3,Almond Milk,Duality,Blue Map,
Bob's Brain,3,Almond Milk,Dead Bird,Bob's Brain,
Bob's Curse,4,Almond Milk,Friend Zone,Anemic,Bob's Curse,
Bob's Rotten Head,3,Almond Milk,Doctor's Remote,Bob's Rotten Head,
Bobby-Bomb,3,Almond Milk,Friend Zone,Bobby-Bomb,
Bogo Bombs,4,Almond Milk,Mom's Lipstick,Spider Mod,Bogo Bombs,
Boiled Baby,2,Almond Milk,Boiled Baby,
Bomb Bag,2,Almond Milk,Bomb Bag,
Bomber Boy,3,Almond Milk,Juicy Sack,Bomber Boy,
Bone Spurs,3,Almond Milk,Lil Portal,Bone Spurs,
Book of Revelations,3,Almond Milk,Book of the Dead,Book of Revelations,
Book of Secrets,3,Almond Milk,Book of the Dead,Book of Secrets,
Book of Shadows,3,Almond Milk,Mom's Bra,Book of Shadows,
Book of the Dead,2,Almond Milk,Book of the Dead,
Book of Virtues,2,Almond Milk,Book of Virtues,
Boom!,4,Almond Milk,Belly Button,Pyromaniac,Boom!,
Boomerang,2,Almond Milk,Boomerang,
Booster Pack,2,Almond Milk,Booster Pack,
Bot Fly,4,Almond Milk,Knockout Drops,Bird's Eye,Bot Fly,
Box,4,Almond Milk,Starter Deck,Holy Grail,Box,
Box of Friends,2,Almond Milk,Box of Friends,
Box of Spiders,3,Almond Milk,Unicorn Stump,Box of Spiders,
Bozo,3,Almond Milk,Cain's Other Eye,Bozo,
Breakfast,3,Almond Milk,Dessert,Breakfast,
Breath of Life,3,Almond Milk,Boomerang,Breath of Life,
Brimstone,3,Almond Milk,Pentagram,Brimstone,
Brimstone Bombs,2,Almond Milk,Brimstone Bombs,
Brittle Bones,4,Almond Milk,Cain's Other Eye,Eden's Blessing,Brittle Bones,
Broken Glass Cannon,3,Almond Milk,Portable Slot,Broken Glass Cannon,
Broken Modem,3,Almond Milk,Jumper Cables,Broken Modem,
Broken Shovel (1),4,Almond Milk,7 Seals,Schoolbag,Broken Shovel (1),
Broken Shovel (2),3,Almond Milk,Coupon,Broken Shovel (2),
Broken Watch,4,Almond Milk,Dessert,Night Light,Broken Watch,
Brother Bobby,4,Almond Milk,Epiphora,Shard of Glass,Brother Bobby,
Brown Nugget,2,Almond Milk,Brown Nugget,
Bucket of Lard,5,Almond Milk,Big Fan,Bursting Sack,Magneto,Bucket of Lard,
Buddy in a Box,3,Almond Milk,Angelic Prism,Buddy in a Box,
Bum Friend,5,Almond Milk,Friend Zone,Depression,Distant Admiration,Bum Friend,
Bumbo,2,Almond Milk,Bumbo,
Bursting Sack,3,Almond Milk,Gemini,Bursting Sack,
Butt Bombs,3,Almond Milk,Big Fan,Butt Bombs,
Butter Bean,3,Almond Milk,Brown Nugget,Butter Bean,
C Section,3,Almond Milk,Bloody Gust,C Section,
Caffeine Pill,4,Almond Milk,Dessert,Match Book,Caffeine Pill,
Cain's Other Eye,2,Almond Milk,Cain's Other Eye,
Cambion Conception,3,Almond Milk,My Shadow,Cambion Conception,
Camo Undies,3,Almond Milk,Iron Bar,Camo Undies,
Cancer,3,Almond Milk,Virgo,Cancer,
Candy Heart,3,Almond Milk,Blood Puppy,Candy Heart,
Capricorn,3,Almond Milk,Virgo,Capricorn,
Car Battery,3,Almond Milk,Pay To Play,Car Battery,
Card Reading,3,Almond Milk,Binge Eater,Card Reading,
Cat-O-Nine-Tails,4,Almond Milk,Pentagram,Ceremonial Robes,Cat-O-Nine-Tails,
Celtic Cross,3,Almond Milk,Samson's Chains,Celtic Cross,
Censer,3,Almond Milk,Jumper Cables,Censer,
Ceremonial Robes,3,Almond Milk,Pentagram,Ceremonial Robes,
Champion Belt,4,Almond Milk,Pentagram,Ceremonial Robes,Champion Belt,
Chaos,4,Almond Milk,Pay To Play,Car Battery,Chaos,
Charged Baby,3,Almond Milk,Pay To Play,Charged Baby,
Charm of the Vampire,4,Almond Milk,Iron Bar,Number One,Charm of the Vampire,
Chemical Peel,4,Almond Milk,Cricket's Body,Fruit Cake,Chemical Peel,
Chocolate Milk,3,Almond Milk,Cricket's Body,Chocolate Milk,
Circle of Protection,4,Almond Milk,Starter Deck,Crack Jacks,Circle of Protection,
Clear Rune,3,Almond Milk,Genesis,Clear Rune,
Clicker,2,Almond Milk,Clicker,
Compost,3,Almond Milk,Portable Slot,Compost,
Compound Fracture,3,Almond Milk,Cain's Other Eye,Compound Fracture,
Cone Head,4,Almond Milk,Belly Button,Polydactyly,Cone Head,
Consolation Prize,3,Almond Milk,Booster Pack,Consolation Prize,
Contagion,4,Almond Milk,Dead Bird,Belly Button,Contagion,
Continuum,5,Almond Milk,Iron Bar,Number One,3 Dollar Bill,Continuum,
Contract From Below,4,Almond Milk,Starter Deck,Old Bandage,Contract From Below,
Converter,3,Almond Milk,Boomerang,Converter,
Coupon,2,Almond Milk,Coupon,
Crack Jacks,3,Almond Milk,Starter Deck,Crack Jacks,
Crack The Sky,3,Almond Milk,Unicorn Stump,Crack The Sky,
Cracked Orb,3,Almond Milk,Blood Puppy,Cracked Orb,
Cricket's Body,2,Almond Milk,Cricket's Body,
Cricket's Head,4,Almond Milk,Proptosis,Mongo Baby,Cricket's Head,
Crooked Penny,3,Almond Milk,Book of the Dead,Crooked Penny,
Crown of Light,3,Almond Milk,Squeezy,Crown of Light,
Crystal Ball,3,Almond Milk,Portable Slot,Crystal Ball,
Cube Baby,2,Almond Milk,Cube Baby,
Cube of Meat,3,Almond Milk,Ball of Bandages,Cube of Meat,
Cupid's Arrow,3,Almond Milk,Analog Stick,Cupid's Arrow,
Curse of The Tower,3,Almond Milk,Juicy Sack,Curse of The Tower,
Cursed Eye,4,Almond Milk,Proptosis,Lost Contact,Cursed Eye,
D Infinity,3,Almond Milk,Coupon,D Infinity,
D1,3,Almond Milk,Book of the Dead,D1,
D10,3,Almond Milk,Doctor's Remote,D10,
D100,2,Almond Milk,D100,
D12,3,Almond Milk,D100,D12,
D20,2,Almond Milk,D20,
D4,3,Almond Milk,Black Hole,D4,
D7,3,Almond Milk,Doctor's Remote,D7,
D8,3,Almond Milk,Black Hole,D8,
Dad's Key,3,Almond Milk,Book of the Dead,Dad's Key,
Dad's Lost Coin,3,Almond Milk,My Shadow,Dad's Lost Coin,
Dad's Note,3,Almond Milk,Isaac's Tomb,Dad's Note,
Dad's Ring,3,Almond Milk,Jumper Cables,Dad's Ring,
Daddy Longlegs,3,Almond Milk,Juicy Sack,Daddy Longlegs,
Damocles,3,Almond Milk,Genesis,Damocles,
Dark Arts,2,Almond Milk,Dark Arts,
Dark Bum,4,Almond Milk,Dead Bird,Leech,Dark Bum,
Dark Matter,4,Almond Milk,Pentagram,Ceremonial Robes,Dark Matter,
Dark Prince's Crown,3,Almond Milk,Ball of Bandages,Dark Prince's Crown,
Dataminer,3,Almond Milk,Clicker,Dataminer,
Dead Bird,2,Almond Milk,Dead Bird,
Dead Cat,4,Almond Milk,Starter Deck,Holy Grail,Dead Cat,
Dead Dove,3,Almond Milk,Squeezy,Dead Dove,
Dead Eye,3,Almond Milk,Analog Stick,Dead Eye,
Dead Onion,4,Almond Milk,Proptosis,Mongo Baby,Dead Onion,
Dead Sea Scrolls,3,Almond Milk,My Little Unicorn,Dead Sea Scrolls,
Dead Tooth,3,Almond Milk,Shard of Glass,Dead Tooth,
Death Certificate,3,Almond Milk,Genesis,Death Certificate,
Death's List,3,Almond Milk,Duality,Death's List,
Death's Touch,3,Almond Milk,Isaac's Heart,Death's Touch,
Decap Attack,2,Almond Milk,Decap Attack,
Deck of Cards,3,Almond Milk,Mom's Bra,Deck of Cards,
Deep Pockets,3,Almond Milk,Jumper Cables,Deep Pockets,
Delirious,3,Almond Milk,Moving Box,Delirious,
Demon Baby,3,Almond Milk,Little Gish,Demon Baby,
Depression,2,Almond Milk,Depression,
Dessert,2,Almond Milk,Dessert,
Dinner,3,Almond Milk,Dessert,Dinner,
Diplopia,3,Almond Milk,Portable Slot,Diplopia,
Dirty Mind,2,Almond Milk,Dirty Mind,
Distant Admiration,3,Almond Milk,Friend Zone,Distant Admiration,
Divine Intervention,2,Almond Milk,Divine Intervention,
Divorce Papers,3,Almond Milk,Angelic Prism,Divorce Papers,
Doctor's Remote,2,Almond Milk,Doctor's Remote,
Dog Tooth,3,Almond Milk,Cricket's Body,Dog Tooth,
Dogma,3,Almond Milk,Neptunus,Dogma,
Dr. Fetus,3,Almond Milk,The Parasite,Dr. Fetus,
Dream Catcher,3,Almond Milk,Binge Eater,Dream Catcher,
Dry Baby,4,Almond Milk,Juicy Sack,Best Bud,Dry Baby,
Duality,2,Almond Milk,Duality,
Dull Razor,3,Almond Milk,Coupon,Dull Razor,
E. Coli,4,Almond Milk,Belly Button,Pyromaniac,E. Coli,
Echo Chamber,3,Almond Milk,Isaac's Tomb,Echo Chamber,
Eden's Blessing,3,Almond Milk,Cain's Other Eye,Eden's Blessing,
Eden's Soul,3,Almond Milk,Coupon,Eden's Soul,
Empty Heart,3,Almond Milk,Blood Puppy,Empty Heart,
Empty Vessel,3,Almond Milk,Jumper Cables,Empty Vessel,
Epic Fetus,4,Almond Milk,Isaac's Heart,Dr. Fetus,Epic Fetus,
Epiphora,3,Almond Milk,Shard of Glass,Epiphora,
Eraser,3,Almond Milk,Sharp Key,Eraser,
Esau Jr,2,Almond Milk,Esau Jr,
Eternal D6,3,Almond Milk,Friend Finder,Eternal D6,
Eucharist,3,Almond Milk,7 Seals,Eucharist,
Euthanasia,4,Almond Milk,Isaac's Heart,Serpent's Kiss,Euthanasia,
Eve's Mascara,3,Almond Milk,The Parasite,Eve's Mascara,
Everything Jar,3,Almond Milk,Anima Sola,Everything Jar,
Evil Charm,3,Almond Milk,Booster Pack,Evil Charm,
Evil Eye,3,Almond Milk,Cain's Other Eye,Evil Eye,
Experimental Treatment,3,Almond Milk,Samson's Chains,Experimental Treatment,
Explosivo,4,Almond Milk,Iron Bar,Camo Undies,Explosivo,
Eye Drops,3,Almond Milk,A Bar of Soap,Eye Drops,
Eye of Belial,4,Almond Milk,Abaddon,Maw of The Void,Eye of Belial,
Eye of Greed,3,Almond Milk,Abaddon,Eye of Greed,
Eye of the Occult,2,Almond Milk,Eye of the Occult,
Eye Sore,2,Almond Milk,Eye Sore,
False PHD,3,Almond Milk,A Bar of Soap,False PHD,
Fanny pack,3,Almond Milk,Dessert,Fanny pack,
Farting Baby,3,Almond Milk,Hallowed Ground,Farting Baby,
Fast Bombs,3,Almond Milk,Samson's Chains,Fast Bombs,
Fate,3,Almond Milk,7 Seals,Fate,
Fate's Reward,3,Almond Milk,Cain's Other Eye,Fate's Reward,
Finger!,3,Almond Milk,Depression,Finger!,
Fire Mind,4,Almond Milk,Iron Bar,Ball of Tar,Fire Mind,
Flat Stone,3,Almond Milk,Cain's Other Eye,Flat Stone,
Flip,2,Almond Milk,Flip,
FLUSH!,2,Almond Milk,FLUSH!,
Forever Alone,3,Almond Milk,Big Fan,Forever Alone,
Forget Me Now,4,Almond Milk,Book of the Dead,Satanic Bible,Forget Me Now,
Fortune Cookie,2,Almond Milk,Fortune Cookie,
Free Lemonade,2,Almond Milk,Free Lemonade,
Freezer Baby,2,Almond Milk,Freezer Baby,
Friend Finder,2,Almond Milk,Friend Finder,
Friend Zone,2,Almond Milk,Friend Zone,
Friendly Ball,3,Almond Milk,My Little Unicorn,Friendly Ball,
Fruit Cake,3,Almond Milk,Cricket's Body,Fruit Cake,
Fruity Plum,2,Almond Milk,Fruity Plum,
GB Bug,3,Almond Milk,Jaw Bone,GB Bug,
Gello,2,Almond Milk,Gello,
Gemini,2,Almond Milk,Gemini,
Genesis,2,Almond Milk,Genesis,
Ghost Baby,4,Almond Milk,Epiphora,Glaucoma,Ghost Baby,
Ghost Bombs,2,Almond Milk,Ghost Bombs,
Ghost Pepper,3,Almond Milk,Cricket's Body,Ghost Pepper,
Giant Cell,3,Almond Milk,It Hurts,Giant Cell,
Gimpy,3,Almond Milk,Juicy Sack,Gimpy,
Glass Cannon,2,Almond Milk,Glass Cannon,
Glass Eye,3,Almond Milk,A Bar of Soap,Glass Eye,
Glaucoma,4,Almond Milk,Shard of Glass,Dead Tooth,Glaucoma,
Glitched Crown,3,Almond Milk,Brimstone Bombs,Glitched Crown,
Glitter Bombs,4,Almond Milk,Dead Bird,Belly Button,Glitter Bombs,
Glowing Hourglass,3,Almond Milk,Mom's Bra,Glowing Hourglass,
Glyph of Balance,3,Almond Milk,7 Seals,Glyph of Balance,
Gnawed Leaf,4,Almond Milk,Depression,Midas Touch,Gnawed Leaf,
Goat Head,4,Almond Milk,Starter Deck,Missing Page 2,Goat Head,
God's Flesh,2,Almond Milk,God's Flesh,
Godhead,3,Almond Milk,Angelic Prism,Godhead,
Golden Razor,2,Almond Milk,Golden Razor,
Greed's Gullet,3,Almond Milk,Duality,Greed's Gullet,
Growth Hormones,3,Almond Milk,Pentagram,Growth Hormones,
Guardian Angel,4,Almond Milk,Duality,Immaculate Conception,Guardian Angel,
Guppy's Collar,4,Almond Milk,Dessert,Night Light,Guppy's Collar,
Guppy's Eye,3,Almond Milk,Brimstone Bombs,Guppy's Eye,
Guppy's Hairball,3,Almond Milk,Duality,Guppy's Hairball,
Guppy's Head,3,Almond Milk,Portable Slot,Guppy's Head,
Guppy's Paw,3,Almond Milk,Jar of Flies,Guppy's Paw,
Guppy's Tail,4,Almond Milk,Starter Deck,Crack Jacks,Guppy's Tail,
Habit,4,Almond Milk,Starter Deck,9 Volt,Habit,
Haemolacria,3,Almond Milk,Isaac's Heart,Haemolacria,
Hallowed Ground,2,Almond Milk,Hallowed Ground,
Halo of Flies,3,Almond Milk,Dead Bird,Halo of Flies,
Harlequin Baby,4,Almond Milk,Bumbo,Bloodshot Eye,Harlequin Baby,
Head of Krampus,2,Almond Milk,Head of Krampus,
Head of the Keeper,3,Almond Milk,Pentagram,Head of the Keeper,
Headless Baby,3,Almond Milk,Big Fan,Headless Baby,
Heartbreak,2,Almond Milk,Heartbreak,
Hemoptysis,3,Almond Milk,Akeldama,Hemoptysis,
Hive Mind,3,Almond Milk,Starter Deck,Hive Mind,
Hold,3,Almond Milk,Flip,Hold,
Holy Grail,3,Almond Milk,Starter Deck,Holy Grail,
Holy Light!,4,Almond Milk,Proptosis,My Reflection,Holy Light!,
Holy Mantle,3,Almond Milk,Juicy Sack,Holy Mantle,
Holy Water,3,Almond Milk,Juicy Sack,Holy Water,
Host Hat,4,Almond Milk,Iron Bar,8 Inch Nails,Host Hat,
Hot Bombs,4,Almond Milk,Friend Zone,Depression,Hot Bombs,
How To Jump,4,Almond Milk,My Little Unicorn,Box of Spiders,How To Jump,
Humbleing Bundle,3,Almond Milk,Starter Deck,Humbleing Bundle,
Hungry Soul,3,Almond Milk,Brimstone Bombs,Hungry Soul,
Hushy,3,Almond Milk,Cain's Other Eye,Hushy,
Hypercoagulation,3,Almond Milk,Bird Cage,Hypercoagulation,
IBS,2,Almond Milk,IBS,
Immaculate Conception,3,Almond Milk,Duality,Immaculate Conception,
Immaculate Heart,3,Almond Milk,Eye of the Occult,Immaculate Heart,
Incubus,3,Almond Milk,Abaddon,Incubus,
Infamy,4,Almond Milk,Dead Bird,Belly Button,Infamy,
Infestation,5,Almond Milk,Belly Button,Pyromaniac,Toxic Shock,Infestation,
Infestation 2,5,Almond Milk,Belly Button,Pyromaniac,E. Coli,Infestation 2,
Inner Child,3,Almond Milk,Brimstone Bombs,Inner Child,
Ipecac,3,Almond Milk,Cain's Other Eye,Ipecac,
Iron Bar,2,Almond Milk,Iron Bar,
Isaac's Heart,2,Almond Milk,Isaac's Heart,
Isaac's Tears,2,Almond Milk,Isaac's Tears,
Isaac's Tomb,2,Almond Milk,Isaac's Tomb,
It Hurts,2,Almond Milk,It Hurts,
IV Bag,3,Almond Milk,Jar of Flies,IV Bag,
Jacob's Ladder,5,Almond Milk,Proptosis,Chocolate Milk,Tractor Beam,Jacob's Ladder,
Jar of Flies,2,Almond Milk,Jar of Flies,
Jar of Wisps,2,Almond Milk,Jar of Wisps,
Jaw Bone,2,Almond Milk,Jaw Bone,
Jesus Juice,3,Almond Milk,Squeezy,Jesus Juice,
Judas' Shadow,3,Almond Milk,Abaddon,Judas' Shadow,
Juicy Sack,2,Almond Milk,Juicy Sack,
Jumper Cables,2,Almond Milk,Jumper Cables,
Jupiter,3,Almond Milk,Isaac's Tomb,Jupiter,
Kamikaze,4,Almond Milk,Mom's Bra,Anarchist Cookbook,Kamikaze,
Keeper's Box,2,Almond Milk,Keeper's Box,
Keeper's Kin,3,Almond Milk,Bone Spurs,Keeper's Kin,
Keeper's Sack,3,Almond Milk,Heartbreak,Keeper's Sack,
Key Bum,3,Almond Milk,Little C.H.A.D,Key Bum,
Key Piece 1,3,Almond Milk,Jumper Cables,Key Piece 1,
Key Piece 2,4,Almond Milk,Jumper Cables,Key Piece 1,Key Piece 2,
Kidney Bean,4,Almond Milk,Clicker,Remote Detonator,Kidney Bean,
Kidney Stone,3,Almond Milk,Cain's Other Eye,Kidney Stone,
King Baby,3,Almond Milk,Duality,King Baby,
Knife Piece 1,3,Almond Milk,Isaac's Tomb,Knife Piece 1,
Knife Piece 2,3,Almond Milk,Brimstone Bombs,Knife Piece 2,
Knockout Drops,2,Almond Milk,Knockout Drops,
Lachryphagy,3,Almond Milk,Cain's Other Eye,Lachryphagy,
Large Zit,3,Almond Milk,God's Flesh,Large Zit,
Larynx,3,Almond Milk,Meat Cleaver,Larynx,
Latch Key,4,Almond Milk,Dessert,Fanny pack,Latch Key,
Lazarus' Rags,4,Almond Milk,Jaw Bone,Betrayal,Lazarus' Rags,
Lead Pencil,3,Almond Milk,Analog Stick,Lead Pencil,
Leech,3,Almond Milk,Dead Bird,Leech,
Lemegeton,3,Almond Milk,Genesis,Lemegeton,
Lemon Mishap,3,Almond Milk,Clicker,Lemon Mishap,
Leo,4,Almond Milk,Gemini,Libra,Leo,
Leprosy,2,Almond Milk,Leprosy,
Libra,3,Almond Milk,Gemini,Libra,
Lil Abaddon,4,Almond Milk,Brimstone Bombs,Hungry Soul,Lil Abaddon,
Lil Brimstone,5,Almond Milk,Analog Stick,Cupid's Arrow,Iron Bar,Lil Brimstone,
Lil Chest,3,Almond Milk,The Body,Lil Chest,
Lil Delirium,4,Almond Milk,Duality,Death's List,Lil Delirium,
Lil Dumpy,3,Almond Milk,Knockout Drops,Lil Dumpy,
Lil Gurdy,3,Almond Milk,Big Fan,Lil Gurdy,
Lil Haunt,4,Almond Milk,Big Fan,Headless Baby,Lil Haunt,
Lil Loki,3,Almond Milk,Bumbo,Lil Loki,
Lil Monstro,3,Almond Milk,Analog Stick,Lil Monstro,
Lil Portal,2,Almond Milk,Lil Portal,
Lil Spewer,3,Almond Milk,Samson's Chains,Lil Spewer,
Linger Bean,4,Almond Milk,Analog Stick,Lead Pencil,Linger Bean,
Little Baggy,3,Almond Milk,7 Seals,Little Baggy,
Little C.H.A.D,2,Almond Milk,Little C.H.A.D,
Little Chubby,3,Almond Milk,Jaw Bone,Little Chubby,
Little Gish,2,Almond Milk,Little Gish,
Little Horn,3,Almond Milk,Pentagram,Little Horn,
Little Steven,3,Almond Milk,Cain's Other Eye,Little Steven,
Lodestone,3,Almond Milk,Knockout Drops,Lodestone,
Loki's Horns,3,Almond Milk,Little Gish,Loki's Horns,
Lord of the Pit,4,Almond Milk,Pay To Play,Skatole,Lord of the Pit,
Lost Contact,3,Almond Milk,Proptosis,Lost Contact,
Lost Fly,3,Almond Milk,Juicy Sack,Lost Fly,
Lost Soul,3,Almond Milk,Ghost Bombs,Lost Soul,
Lucky Foot,5,Almond Milk,Dead Bird,Halo of Flies,<3,Lucky Foot,
Luna,3,Almond Milk,Neptunus,Luna,
Lunch,4,Almond Milk,Dessert,Dinner,Lunch,
Lusty Blood,4,Almond Milk,Isaac's Heart,Bloody Lust,Lusty Blood,
Maggy's Bow,3,Almond Milk,Leprosy,Maggy's Bow,
Magic 8 Ball,4,Almond Milk,Dessert,Match Book,Magic 8 Ball,
Magic Fingers,3,Almond Milk,Mom's Bra,Magic Fingers,
Magic Mushroom,4,Almond Milk,Juicy Sack,Pyro,Magic Mushroom,
Magic Scab,4,Almond Milk,Pay To Play,Placenta,Magic Scab,
Magic Skin,3,Almond Milk,Flip,Magic Skin,
Magneto,4,Almond Milk,Big Fan,Bursting Sack,Magneto,
MaMa Mega!,3,Almond Milk,Jar of Flies,MaMa Mega!,
Marbles,3,Almond Milk,7 Seals,Marbles,
Marked,4,Almond Milk,Analog Stick,Dead Eye,Marked,
Marrow,3,Almond Milk,Duality,Marrow,
Mars,3,Almond Milk,Neptunus,Mars,
Match Book,3,Almond Milk,Dessert,Match Book,
Maw of The Void,3,Almond Milk,Abaddon,Maw of The Void,
Meat Cleaver,2,Almond Milk,Meat Cleaver,
MEAT!,4,Almond Milk,Pentagram,Blood Clot,MEAT!,
Mega Bean,3,Almond Milk,FLUSH!,Mega Bean,
Mega Blast,3,Almond Milk,The Nail,Mega Blast,
Mega Mush,2,Almond Milk,Mega Mush,
Member Card,3,Almond Milk,Brimstone Bombs,Member Card,
Mercurius,5,Almond Milk,Isaac's Tomb,Jupiter,Venus,Mercurius,
Metal Plate,3,Almond Milk,Depression,Metal Plate,
Metronome,3,Almond Milk,D100,Metronome,
Midas Touch,3,Almond Milk,Depression,Midas Touch,
Midnight Snack,3,Almond Milk,Dessert,Midnight Snack,
Milk!,3,Almond Milk,Shard of Glass,Milk!,
Mine Crafter,3,Almond Milk,Doctor's Remote,Mine Crafter,
Mini Mush,3,Almond Milk,Juicy Sack,Mini Mush,
Missing No,3,Almond Milk,7 Seals,Missing No,
Missing Page 2,3,Almond Milk,Starter Deck,Missing Page 2,
Mitre,4,Almond Milk,Juicy Sack,Pyro,Mitre,
Mom's Bottle of Pills,4,Almond Milk,My Little Unicorn,Monster Manual,Mom's Bottle of Pills,
Mom's Box,3,Almond Milk,Jar of Flies,Mom's Box,
Mom's Bra,2,Almond Milk,Mom's Bra,
Mom's Bracelet,4,Almond Milk,Sharp Key,Eraser,Mom's Bracelet,
Mom's Coin Purse,3,Almond Milk,Starter Deck,Mom's Coin Purse,
Mom's Contacts,4,Almond Milk,Isaac's Heart,Haemolacria,Mom's Contacts,
Mom's Eye,4,Almond Milk,Epiphora,Glaucoma,Mom's Eye,
Mom's Eyeshadow,4,Almond Milk,Epiphora,Anti-Gravity,Mom's Eyeshadow,
Mom's Heels,3,Almond Milk,Mom's Lipstick,Mom's Heels,
Mom's Key,3,Almond Milk,Pay To Play,Mom's Key,
Mom's Knife,4,Almond Milk,Cain's Other Eye,Compound Fracture,Mom's Knife,
Mom's Lipstick,2,Almond Milk,Mom's Lipstick,
Mom's Pad,3,Almond Milk,Mom's Bra,Mom's Pad,
Mom's Pearls,4,Almond Milk,Starter Deck,Crack Jacks,Mom's Pearls,
Mom's Perfume,4,Almond Milk,Proptosis,Lost Contact,Mom's Perfume,
Mom's Purse,4,Almond Milk,Pay To Play,BFFS!,Mom's Purse,
Mom's Razor,3,Almond Milk,Friend Zone,Mom's Razor,
Mom's Ring,4,Almond Milk,Eye of the Occult,Stapler,Mom's Ring,
Mom's Shovel,4,Almond Milk,Coupon,Broken Shovel (2),Mom's Shovel,
Mom's Underwear,3,Almond Milk,Mom's Lipstick,Mom's Underwear,
Mom's Wig,4,Almond Milk,Analog Stick,Ball of Tar,Mom's Wig,
Money = Power,4,Almond Milk,Analog Stick,Ankh,Money = Power,
Mongo Baby,3,Almond Milk,Proptosis,Mongo Baby,
Monster Manual,3,Almond Milk,My Little Unicorn,Monster Manual,
Monstrance,3,Almond Milk,Booster Pack,Monstrance,
Monstro's Lung,4,Almond Milk,Iron Bar,Ball of Tar,Monstro's Lung,
Monstro's Tooth,2,Almond Milk,Monstro's Tooth,
Montezuma's Revenge,2,Almond Milk,Montezuma's Revenge,
More Options,4,Almond Milk,Jumper Cables,Black Candle,More Options,
Moving Box,2,Almond Milk,Moving Box,
Mr. Boom,3,Almond Milk,Doctor's Remote,Mr. Boom,
Mr. Dolly,4,Almond Milk,Pentagram,Little Horn,Mr. Dolly,
Mr. ME!,3,Almond Milk,Coupon,Mr. ME!,
Mr. Mega,3,Almond Milk,Little C.H.A.D,Mr. Mega,
Mucormycosis,3,Almond Milk,Playdough Cookie,Mucormycosis,
Multidimensional Baby,3,Almond Milk,Analog Stick,Multidimensional Baby,
Mutant Spider,3,Almond Milk,Analog Stick,Mutant Spider,
My Little Unicorn,3,Almond Milk,Unicorn Stump,My Little Unicorn,
My Reflection,3,Almond Milk,Proptosis,My Reflection,
My Shadow,2,Almond Milk,My Shadow,
Mysterious Liquid,4,Almond Milk,Iron Bar,Strange Attractor,Mysterious Liquid,
Mystery Egg,3,Almond Milk,Leprosy,Mystery Egg,
Mystery Gift,3,Almond Milk,Void,Mystery Gift,
Mystery Sack,3,Almond Milk,Little C.H.A.D,Mystery Sack,
Nancy Bombs,2,Almond Milk,Nancy Bombs,
Neptunus,2,Almond Milk,Neptunus,
Night Light,3,Almond Milk,Dessert,Night Light,
No. 2,3,Almond Milk,Cricket's Body,No. 2,
Notched Axe,3,Almond Milk,Boomerang,Notched Axe,
Number One,3,Almond Milk,Iron Bar,Number One,
Obsessed Fan,4,Almond Milk,Dead Bird,Bob's Brain,Obsessed Fan,
Ocular Rift,3,Almond Milk,Eye of the Occult,Ocular Rift,
Odd Mushroom (Large),3,Almond Milk,Juicy Sack,Odd Mushroom (Large),
Odd Mushroom (Thin),3,Almond Milk,Proptosis,Odd Mushroom (Thin),
Old Bandage,3,Almond Milk,Starter Deck,Old Bandage,
Options?,3,Almond Milk,Brimstone Bombs,Options?,
Orphan Socks,3,Almond Milk,Binge Eater,Orphan Socks,
Ouija Board,4,Almond Milk,Proptosis,Odd Mushroom (Thin),Ouija Board,
Pageant Boy,4,Almond Milk,Pay To Play,A Dollar,Pageant Boy,
Pandora's Box,3,Almond Milk,Coupon,Pandora's Box,
Papa Fly,3,Almond Milk,Epiphora,Papa Fly,
Parasitoid,4,Almond Milk,Cricket's Body,Ghost Pepper,Parasitoid,
Paschal Candle,4,Almond Milk,A Bar of Soap,Act of Contrition,Paschal Candle,
Pause,3,Almond Milk,Clicker,Pause,
Pay To Play,2,Almond Milk,Pay To Play,
Pentagram,2,Almond Milk,Pentagram,
PhD,4,Almond Milk,Juicy Sack,Mini Mush,PhD,
Piggy Bank,4,Almond Milk,Friend Zone,Anemic,Piggy Bank,
Pinking Shears,3,Almond Milk,Clicker,Pinking Shears,
Pisces,3,Almond Milk,Cricket's Body,Pisces,
PJs,3,Almond Milk,Starter Deck,PJs,
Placebo,2,Almond Milk,Placebo,
Placenta,3,Almond Milk,Pay To Play,Placenta,
Plan C,3,Almond Milk,Void,Plan C,
Playdough Cookie,2,Almond Milk,Playdough Cookie,
Plum Flute,3,Almond Milk,Friend Finder,Plum Flute,
Pluto,4,Almond Milk,Neptunus,Luna,Pluto,
Pointy Rib,3,Almond Milk,Jaw Bone,Pointy Rib,
Poke Go,3,Almond Milk,Starter Deck,Poke Go,
Polydactyly,3,Almond Milk,Belly Button,Polydactyly,
Polyphemus,4,Almond Milk,Cricket's Body,No. 2,Polyphemus,
Pop!,2,Almond Milk,Pop!,
Portable Slot,2,Almond Milk,Portable Slot,
Potato Peeler,2,Almond Milk,Potato Peeler,
Prayer Card,4,Almond Milk,Mom's Bra,Sharp Straw,Prayer Card,
Proptosis,2,Almond Milk,Proptosis,
Psy Fly,3,Almond Milk,Blood Bombs,Psy Fly,
Punching Bag,4,Almond Milk,Big Fan,Headless Baby,Punching Bag,
Pupula Duplex,4,Almond Milk,Cricket's Body,No. 2,Pupula Duplex,
Purgatory,3,Almond Milk,Soul Locket,Purgatory,
Purity,3,Almond Milk,The Body,Purity,
Pyro,3,Almond Milk,Juicy Sack,Pyro,
Pyromaniac,3,Almond Milk,Belly Button,Pyromaniac,
Quints,4,Almond Milk,Knockout Drops,Lodestone,Quints,
R Key,2,Almond Milk,R Key,
Rainbow Baby,6,Almond Milk,Epiphora,Anti-Gravity,Shard of Glass,Brother Bobby,Rainbow Baby,
Raw Liver,4,Almond Milk,Starter Deck,Crack Jacks,Raw Liver,
Razor Blade,2,Almond Milk,Razor Blade,
Recall,3,Almond Milk,Genesis,Recall,
Red Candle,3,Almond Milk,Box of Friends,Red Candle,
Red Key,3,Almond Milk,Flip,Red Key,
Red Stew,3,Almond Milk,Neptunus,Red Stew,
Redemption,3,Almond Milk,Neptunus,Redemption,
Remote Detonator,3,Almond Milk,Clicker,Remote Detonator,
Restock,3,Almond Milk,Pay To Play,Restock,
Revelation,3,Almond Milk,Neptunus,Revelation,
Robo-Baby,3,Almond Milk,Bumbo,Robo-Baby,
Robo-Baby 2.0,3,Almond Milk,Little Gish,Robo-Baby 2.0,
Rock Bottom,3,Almond Milk,Isaac's Tomb,Rock Bottom,
Rocket in a Jar,3,Almond Milk,Nancy Bombs,Rocket in a Jar,
Roid Rage,4,Almond Milk,Dead Bird,Skeleton Key,Roid Rage,
Rosary,4,Almond Milk,Analog Stick,Cupid's Arrow,Rosary,
Rotten Baby,4,Almond Milk,Dead Bird,YO LISTEN!,Rotten Baby,
Rotten Meat,5,Almond Milk,Dessert,Dinner,Lunch,Rotten Meat,
Rotten Tomato,4,Almond Milk,Knockout Drops,Lodestone,Rotten Tomato,
Rubber Cement,3,Almond Milk,Cain's Other Eye,Rubber Cement,
Rune Bag,4,Almond Milk,Little C.H.A.D,Key Bum,Rune Bag,
Sack Head,3,Almond Milk,Starter Deck,Sack Head,
Sack of Pennies,3,Almond Milk,Jaw Bone,Sack of Pennies,
Sack of Sacks,3,Almond Milk,7 Seals,Sack of Sacks,
Sacred Heart,3,Almond Milk,Pentagram,Sacred Heart,
Sacred Orb,4,Almond Milk,Isaac's Tomb,Echo Chamber,Sacred Orb,
Sacrificial Altar,3,Almond Milk,Box of Friends,Sacrificial Altar,
Sacrificial Dagger,3,Almond Milk,Little C.H.A.D,Sacrificial Dagger,
Sad Bombs,5,Almond Milk,Proptosis,Mongo Baby,Pisces,Sad Bombs,
Safety Pin,3,Almond Milk,Mom's Lipstick,Safety Pin,
Sagittarius,3,Almond Milk,Cricket's Body,Sagittarius,
Salvation,3,Almond Milk,Isaac's Tomb,Salvation,
Samson's Chains,2,Almond Milk,Samson's Chains,
Sanguine Bond,3,Almond Milk,Divine Intervention,Sanguine Bond,
Satanic Bible,3,Almond Milk,Book of the Dead,Satanic Bible,
Saturnus,3,Almond Milk,Neptunus,Saturnus,
Sausage,3,Almond Milk,Binge Eater,Sausage,
Scapular,5,Almond Milk,Juicy Sack,Mini Mush,Bomber Boy,Scapular,
Scatter Bombs,3,Almond Milk,Friend Zone,Scatter Bombs,
Schoolbag,3,Almond Milk,7 Seals,Schoolbag,
Scissors,2,Almond Milk,Scissors,
Scorpio,4,Almond Milk,Cricket's Body,Sagittarius,Scorpio,
Screw,3,Almond Milk,Pentagram,Screw,
Seraphim,5,Almond Milk,Proptosis,My Reflection,Holy Light!,Seraphim,
Serpent's Kiss,3,Almond Milk,The Parasite,Serpent's Kiss,
Shade,3,Almond Milk,7 Seals,Shade,
Shard of Glass,2,Almond Milk,Shard of Glass,
Sharp Key,2,Almond Milk,Sharp Key,
Sharp Plug,4,Almond Milk,Starter Deck,Hive Mind,Sharp Plug,
Sharp Straw,2,Almond Milk,Sharp Straw,
Shoop Da Whoop!,3,Almond Milk,The Bean,Shoop Da Whoop!,
Sinus Infection,4,Almond Milk,Iron Bar,Camo Undies,Sinus Infection,
Sissy Long Legs,5,Almond Milk,Big Fan,Gemini,Taurus,Sissy Long Legs,
Sister Maggy,4,Almond Milk,Bumbo,Robo-Baby,Sister Maggy,
Skatole,3,Almond Milk,Pay To Play,Skatole,
Skeleton Key,3,Almond Milk,Dead Bird,Skeleton Key,
Slipped Rib,3,Almond Milk,Jaw Bone,Slipped Rib,
Smart Fly,3,Almond Milk,Big Fan,Smart Fly,
SMB Super Fan,3,Almond Milk,Little C.H.A.D,SMB Super Fan,
Smelter,3,Almond Milk,Coupon,Smelter,
Sol,4,Almond Milk,Neptunus,Mars,Sol,
Soul Locket,2,Almond Milk,Soul Locket,
Soy Milk,2,Almond Milk,Soy Milk,
Spear of Destiny,4,Almond Milk,Dessert,Night Light,Spear of Destiny,
Speed Ball,4,Almond Milk,Juicy Sack,Mini Mush,Speed Ball,
Spelunker Hat,4,Almond Milk,Juicy Sack,Odd Mushroom (Large),Spelunker Hat,
Spider Bite,4,Almond Milk,Analog Stick,Cupid's Arrow,Spider Bite,
Spider Butt,4,Almond Milk,Unicorn Stump,Crack The Sky,Spider Butt,
Spider Mod,3,Almond Milk,Mom's Lipstick,Spider Mod,
Spiderbaby,3,Almond Milk,Virgo,Spiderbaby,
Spin to Win,3,Almond Milk,Fortune Cookie,Spin to Win,
Spindown Dice,3,Almond Milk,Anima Sola,Spindown Dice,
Spirit of the Night,3,Almond Milk,Pentagram,Spirit of the Night,
Spirit Shackles,3,Almond Milk,Soul Locket,Spirit Shackles,
Spirit Sword,3,Almond Milk,Neptunus,Spirit Sword,
Spoon Bender,3,Almond Milk,Analog Stick,Spoon Bender,
Sprinkler,3,Almond Milk,Isaac's Tears,Sprinkler,
Squeezy,2,Almond Milk,Squeezy,
Stapler,3,Almond Milk,Eye of the Occult,Stapler,
Star of Bethlehem,3,Almond Milk,Neptunus,Star of Bethlehem,
Starter Deck,2,Almond Milk,Starter Deck,
Steam Sale,4,Almond Milk,Starter Deck,9 Volt,Steam Sale,
Stem Cells,4,Almond Milk,Friend Zone,Anemic,Stem Cells,
Steven,3,Almond Milk,Angelic Prism,Steven,
StickyBombs,4,Almond Milk,Big Fan,Bursting Sack,StickyBombs,
Stigmata,4,Almond Milk,Proptosis,Odd Mushroom (Thin),Stigmata,
Stitches,2,Almond Milk,Stitches,
Stop Watch,4,Almond Milk,7 Seals,Little Baggy,Stop Watch,
Strange Attractor,3,Almond Milk,Iron Bar,Strange Attractor,
Strawman,3,Almond Milk,A Pound of Flesh,Strawman,
Stye,3,Almond Milk,Eye of the Occult,Stye,
Succubus,3,Almond Milk,Abaddon,Succubus,
Sulfur,2,Almond Milk,Sulfur,
Sulfuric Acid,4,Almond Milk,Iron Bar,Number One,Sulfuric Acid,
Sumptorium,3,Almond Milk,Golden Razor,Sumptorium,
Super Bandage,4,Almond Milk,Little C.H.A.D,Mr. Mega,Super Bandage,
Suplex!,2,Almond Milk,Suplex!,
Supper,4,Almond Milk,Booster Pack,Consolation Prize,Supper,
Sworn Protector,3,Almond Milk,7 Seals,Sworn Protector,
Synthoil,3,Almond Milk,Pentagram,Synthoil,
Tammy's Head,3,Almond Milk,Glass Cannon,Tammy's Head,
Tarot Cloth,3,Almond Milk,Pay To Play,Tarot Cloth,
Taurus,3,Almond Milk,Gemini,Taurus,
Tear Detonator,2,Almond Milk,Tear Detonator,
Tech X,4,Almond Milk,Analog Stick,Spoon Bender,Tech X,
Tech.5,3,Almond Milk,Isaac's Heart,Tech.5,
Technology,4,Almond Milk,Proptosis,My Reflection,Technology,
Technology 2,4,Almond Milk,Analog Stick,Cupid's Arrow,Technology 2,
Technology Zero,3,Almond Milk,Cain's Other Eye,Technology Zero,
Telekinesis,2,Almond Milk,Telekinesis,
Telepathy for Dummies,4,Almond Milk,Glass Cannon,Tammy's Head,Telepathy for Dummies,
Teleport,3,Almond Milk,Mom's Bra,Teleport,
Teleport 2.0,4,Almond Milk,Clicker,Pinking Shears,Teleport 2.0,
Terra,3,Almond Milk,Neptunus,Terra,
The Battery,4,Almond Milk,Starter Deck,9 Volt,The Battery,
The Bean,2,Almond Milk,The Bean,
The Belt,3,Almond Milk,Dessert,The Belt,
The Bible,3,Almond Milk,Boomerang,The Bible,
The Black Bean,3,Almond Milk,Analog Stick,The Black Bean,
The Body,2,Almond Milk,The Body,
The Book of Belial,3,Almond Milk,Potato Peeler,The Book of Belial,
The Book of Sin,4,Almond Milk,D100,The Gamekid,The Book of Sin,
The Candle,3,Almond Milk,Coupon,The Candle,
The Common Cold,3,Almond Milk,God's Flesh,The Common Cold,
The Compass,3,Almond Milk,Mom's Lipstick,The Compass,
The D6,3,Almond Milk,D20,The D6,
The Gamekid,3,Almond Milk,D100,The Gamekid,
The Guillotine,3,Almond Milk,Cain's Other Eye,The Guillotine,
The Halo,3,Almond Milk,Little C.H.A.D,The Halo,
The Hourglass,3,Almond Milk,Mom's Bra,The Hourglass,
The Inner Eye,4,Almond Milk,Cricket's Body,Ghost Pepper,The Inner Eye,
The Intruder,5,Almond Milk,Knockout Drops,Lodestone,Quints,The Intruder,
The Jar,3,Almond Milk,Jar of Flies,The Jar,
The Ladder,3,Almond Milk,Dessert,The Ladder,
The Ludovico Technique,3,Almond Milk,Shard of Glass,The Ludovico Technique,
The Mark,3,Almond Milk,Pentagram,The Mark,
The Mind,4,Almond Milk,The Body,The Soul,The Mind,
The Mulligan,4,Almond Milk,Cricket's Body,Ghost Pepper,The Mulligan,
The Nail,2,Almond Milk,The Nail,
The Necronomicon,3,Almond Milk,Coupon,The Necronomicon,
The Negative,3,Almond Milk,Angelic Prism,The Negative,
The Pact,3,Almond Milk,Squeezy,The Pact,
The Parasite,2,Almond Milk,The Parasite,
The Peeper,4,Almond Milk,Proptosis,No. 2,The Peeper,
The Polaroid,4,Almond Milk,7 Seals,Transcendence,The Polaroid,
The Poop,3,Almond Milk,The Bean,The Poop,
The Relic,3,Almond Milk,The Body,The Relic,
The Sad Onion,3,Almond Milk,Proptosis,The Sad Onion,
The Scooper,2,Almond Milk,The Scooper,
The Small Rock,3,Almond Milk,Abaddon,The Small Rock,
The Soul,3,Almond Milk,The Body,The Soul,
The Stairway,4,Almond Milk,Isaac's Tomb,Salvation,The Stairway,
The Swarm,3,Almond Milk,Bird Cage,The Swarm,
The Virus,3,Almond Milk,Dead Bird,The Virus,
The Wafer,4,Almond Milk,Dead Bird,Halo of Flies,The Wafer,
The Wiz,4,Almond Milk,Cricket's Body,No. 2,The Wiz,
There's Options,4,Almond Milk,7 Seals,Little Baggy,There's Options,
Thunder Thighs,4,Almond Milk,Depression,Midas Touch,Thunder Thighs,
Tiny Planet,3,Almond Milk,Iron Bar,Tiny Planet,
Tinytoma,3,Almond Milk,Blood Puppy,Tinytoma,
TMTRAINER,3,Almond Milk,Isaac's Tomb,TMTRAINER,
Tooth and Nail,2,Almond Milk,Tooth and Nail,
Toothpicks,3,Almond Milk,Squeezy,Toothpicks,
Torn Photo,4,Almond Milk,Squeezy,Blue Cap,Torn Photo,
Tough Love,4,Almond Milk,Iron Bar,8 Inch Nails,Tough Love,
Toxic Shock,4,Almond Milk,Belly Button,Pyromaniac,Toxic Shock,
Tractor Beam,4,Almond Milk,Proptosis,Chocolate Milk,Tractor Beam,
Transcendence,3,Almond Milk,7 Seals,Transcendence,
Treasure Map,4,Almond Milk,Dessert,The Belt,Treasure Map,
Trinity Shield,3,Almond Milk,Starter Deck,Trinity Shield,
Trisagion,3,Almond Milk,Angelic Prism,Trisagion,
Tropicamide,2,Almond Milk,Tropicamide,
Twisted Pair,4,Almond Milk,Heartbreak,Azazel's Rage,Twisted Pair,
Undefined,3,Almond Milk,Telekinesis,Undefined,
Unicorn Stump,2,Almond Milk,Unicorn Stump,
Uranus,4,Almond Milk,Neptunus,Terra,Uranus,
Urn of Souls,3,Almond Milk,Genesis,Urn of Souls,
Vade Retro,3,Almond Milk,Keeper's Box,Vade Retro,
Vanishing Twin,3,Almond Milk,Soul Locket,Vanishing Twin,
Varicose Veins,4,Almond Milk,Analog Stick,Lead Pencil,Varicose Veins,
Vasculitis,3,Almond Milk,Boiled Baby,Vasculitis,
Vengeful Spirit,2,Almond Milk,Vengeful Spirit,
Ventricle Razor,3,Almond Milk,Jar of Flies,Ventricle Razor,
Venus,4,Almond Milk,Isaac's Tomb,Jupiter,Venus,
Virgo,2,Almond Milk,Virgo,
Void,2,Almond Milk,Void,
Voodoo Head,3,Almond Milk,4.5 Volt,Voodoo Head,
Wait What?,3,Almond Milk,Glass Cannon,Wait What?,
Wavy Cap,3,Almond Milk,Sulfur,Wavy Cap,
We Need To Go Deeper,3,Almond Milk,Portable Slot,We Need To Go Deeper,
White Pony,3,Almond Milk,Coupon,White Pony,
Whore of Babylon,3,Almond Milk,Pentagram,Whore of Babylon,
Wire Coat Hanger,3,Almond Milk,Abaddon,Wire Coat Hanger,
Wooden Nickel,3,Almond Milk,Moving Box,Wooden Nickel,
Wooden Spoon,4,Almond Milk,Dessert,The Belt,Wooden Spoon,
Worm Friend,3,Almond Milk,Bone Spurs,Worm Friend,
X-Ray Vision,3,Almond Milk,Virgo,X-Ray Vision,
YO LISTEN!,3,Almond Milk,Dead Bird,YO LISTEN!,
Yuck Heart,3,Almond Milk,Suplex!,Yuck Heart,
Yum Heart,3,Almond Milk,Doctor's Remote,Yum Heart,
Zodiac,3,Almond Milk,Jaw Bone,Zodiac,
